channel,observed,part,measures,units,rate_hz,noise_std,bias_std,datasheet_noise,datasheet_bias,source,notes
gyro,yes,LSM6DSOX (Adafruit #4438),angular rate (IMU frame),rad/s,100,0.0013090,0.017453,75 mdps RMS (normal/low-power mode),±1 dps zero-rate level,ST LSM6DSOX datasheet DS12814,"White noise per sample; HP-mode density 3.8 mdps/√Hz would be lower, so the RMS figure is conservative. Bias drawn once per episode at the typical zero-rate level (before any boot calibration)."
accel,yes,LSM6DSOX (Adafruit #4438),specific force (IMU frame),m/s²,100,0.017652,0.19613,1.8 mg RMS (±2 g FS; normal/low-power mode),±20 mg zero-g offset,ST LSM6DSOX datasheet DS12814,"1 g = 9.80665 m/s². HP-mode density 70 µg/√Hz would be lower. Bias drawn once per episode."
mag,yes,QMC5883L (on GOKU GM10 Pro V3),magnetic field (IMU frame),gauss (model |B| = 0.5),100,0.0050,0.010,5 mG field resolution (σ of 100 samples; ±2 G FS),±10 mG offset,QST QMC5883L datasheet,"Sensor ODR 10/50/100/200 Hz; 100 Hz used. Installation hard/soft iron is not modelled."
attitude_roll_pitch,yes,onboard estimator (from LSM6DSOX accel),roll and pitch error of the estimated attitude,rad,100,0.0018,0.0200,derived: asin(1.8 mg) = 0.10°,derived: asin(20 mg) = 1.15°,LSM6DSOX datasheet (derived),"No datasheet exists for estimator output; errors are the tilt implied by accel noise and zero-g offset. Applied as a world-frame rotation of the true attitude; replaces the raw pod_quat."
attitude_yaw,yes,onboard estimator (from QMC5883L),heading error of the estimated attitude,rad,100,0.0100,0.0349,derived: atan(5 mG / 0.5 G) = 0.57°,1° to 2° heading accuracy (2° used),QMC5883L datasheet (derived),"Noise assumes the model's 0.5 G horizontal field; a weaker real horizontal field gives proportionally larger heading noise."
baro_alt,yes,BMP581 (Adafruit #6407),pressure altitude,m,100,0.0250,2.497,0.30 Pa RMS at OSR ×8 (max ODR 155 Hz),±30 Pa absolute accuracy incl. TCO,Bosch BST-BMP581-DS004-13 (Tables 2 and 9),"Converted at 0.08324 m/Pa (ρ = 1.225, g = 9.80665). OSR ×8 is the highest setting that supports 100 Hz. Ambient pressure fluctuation and prop wash are not modelled."
gps_pos_xy,yes,GOKU GM10 Pro V3 (u-blox M10),horizontal position (x and y),m,5,1.699,0,2 m CEP (GPS+GAL default config),not specified,u-blox MAX-M10S datasheet UBX-20035208,"σ per axis = CEP / 1.1774. Receiver supports 10 Hz; 5 Hz chosen. White noise per fix; real GNSS error is time-correlated."
gps_vel,yes,GOKU GM10 Pro V3 (u-blox M10),velocity (x y z),m/s,5,0.050,0,0.05 m/s (50% at 30 m/s),not specified,u-blox MAX-M10S datasheet UBX-20035208,"The 50% figure is used as 1σ per axis (conservative)."
prop_omega,yes,Vimdrones AM32 DroneCAN ESC NANO 20A,rotor speed,rad/s,100,0.0302,0,1 rpm telemetry resolution (quantization),not specified,DroneCAN uavcan.equipment.esc.Status (rpm field),"No ESC noise spec is published. σ = (1 rpm in rad/s) / √12. Telemetry rate is configurable; 100 Hz assumed."
arm_pos,yes,Hitec BD10BL-CAN (×2),servo arm angle (L and R),rad,100,0.0025,0,0.5° max gear backlash,not specified,Hitec BD10BL-CAN spec sheet v2.2,"Contactless magnetic encoder; resolution not published. Backlash treated as uniform: σ = 0.5° / √12."
gps_alt,no,GOKU GM10 Pro V3 (u-blox M10),altitude,m,,,,not specified,not specified,u-blox MAX-M10S datasheet UBX-20035208,"No vertical accuracy is published; altitude comes from baro_alt instead."
vel_body,no,none,true body-frame velocity,m/s,,,,,,itemized_spec.md,"No airspeed sensor on the BOM."
pod_angvel,no,none,world-frame angular velocity,rad/s,,,,,,itemized_spec.md,"Perfect duplicate of gyro."
brake_len,no,none,brake line length (L and R),m,,,,,,itemized_spec.md,"The BOM explicitly has no line-load or line-length sensors."
battery,no,Adafruit INA260 (#4226),battery voltage and current,"V, A",,,,,,itemized_spec.md,"On the BOM; not modelled in the environment."
