time_s,com_x_m,com_y_m,com_z_m,com_vx_mps,com_vy_mps,com_vz_mps,speed_mps,course_deg,course_rate_degps,pod_roll_deg,pod_pitch_deg,pod_yaw_deg,pod_wx_degps,pod_wy_degps,pod_wz_degps,canopy_roll_deg,canopy_pitch_deg,canopy_yaw_deg,thrust_N,brake_L_target_rad,brake_L_command_rad,brake_L_actual_rad,brake_R_target_rad,brake_R_command_rad,brake_R_actual_rad
0.0,-0.003132854573667885,-1.096787657635706e-07,0.12574077566872374,6.000000000000001,0.0,0.0,6.000000000000001,0.0,,0.0,-0.0,0.0,0.0,0.0,0.0,0.0,-0.0,0.0,0.8,0.0,0.0,0.0,0.0,0.0,0.0
0.05000000000000004,0.2963269518318141,1.9699837547180763e-06,0.12023688033457545,5.982108354617743,0.00011783688495364552,-0.21223712270287584,5.985872114949177,0.0011286248556042246,0.022572497112084474,-0.005097030382382798,-1.1478456550252887,-0.06900383711200787,-37.79692403540174,-2.8025728357955444,0.08358266047223173,-0.0013497134937199816,-1.224305195622489,-0.04130974413473724,0.8,0.0,0.0,-2.043763862413231e-05,0.0,0.0,-1.9292293236565737e-05
0.10000000000000007,0.5953812210885393,5.408193618043968e-06,0.10529570686756197,5.982631189393434,-0.0001918146264010969,-0.37294348173011205,5.994244141312641,-0.0018370125434741926,-0.0593127479815683,-0.01034279689929482,-3.3592159028789457,-0.3120516560824348,-48.36897702462875,-7.3245124427077375,-0.36150886968082957,0.010870235915652279,-3.8140779742147255,-0.25314529243013423,0.8,0.0,0.0,-3.3955035108666147e-05,0.0,0.0,-3.1914065597435896e-05
0.1500000000000001,0.8947846619400104,-5.90682712459208e-05,0.0841159901986908,5.994462989835525,-0.0029742163517450784,-0.4597810956744849,6.012070694728265,-0.028427905989104166,-0.5318178689125992,-0.008705058144973394,-5.925862722989472,-0.7677197759080371,-55.262578911194844,-10.711112989532218,0.07841794879626819,0.06969726668465204,-6.910441589945126,-0.6246110184085496,0.8,0.0,0.0,-3.711356139795437e-05,0.0,0.0,-3.521575578726898e-05
0.20000000000000015,1.194819290658903,-0.00037356784525795754,0.060743370698316146,6.005209585563589,-0.010452078740768122,-0.46011129324972183,6.0228194240464115,-0.0997233128560485,-1.4259081373388856,0.08279466466384437,-9.009135796740507,-1.332038629176748,-68.50521672352453,-9.719058716694022,2.900433213822249,0.20487828531957683,-10.25027561850875,-1.081382475993016,0.8,0.0,0.0,-3.4446658250200626e-05,0.0,0.0,-3.399693728750485e-05
0.25000000000000017,1.4949826833968924,-0.0012075434887883927,0.039611355615874234,5.996685444071507,-0.023757143675534883,-0.3719843877057712,6.008258741242053,-0.22698821829486412,-2.5452981087763114,0.378707065362579,-12.692443409986277,-1.711531866655415,-76.08176759665845,-5.282131362578796,5.817402194562182,0.42692100761501767,-13.641794565571985,-1.5618931068342226,0.8,0.0,0.0,-3.622781959286685e-05,0.0,0.0,-3.7810980891444585e-05
0.3000000000000002,1.7939165788706901,-0.002843542754825567,0.024781108298279692,5.955182806532538,-0.042201319598450505,-0.2139570135323878,5.959174507785144,-0.40601894306514114,-3.5806144954055377,0.696103293999597,-16.25718638220023,-1.997404031849985,-63.18756768660991,-4.681885383509081,3.7241875120497605,0.6873806962859038,-16.35312217355483,-1.9335863892299778,0.8,0.0,0.0,-4.9710222887351225e-05,0.0,0.0,-5.057200451046507e-05
0.35000000000000026,2.089942448278463,-0.005491865442524814,0.018809302160104905,5.882702800056923,-0.06383442236655697,-0.026903164052093476,5.8831106438271625,-0.6217039294142146,-4.313699726981464,0.9554722085338383,-18.476946893596224,-2.1786009654996454,-21.656019390571576,0.2724785612790911,4.760347984130807,0.935735897701023,-17.542474850210237,-2.082531693541303,0.8,0.0,0.0,-6.956089058541651e-05,0.0,0.0,-7.141137417255409e-05
0.4000000000000003,2.3818412788754864,-0.009236007353210904,0.02153202407685337,5.790893143423909,-0.08532208129730579,0.12256394605262165,5.792818413948682,-0.8441256528339482,-4.4484344683946695,1.1684846043712063,-18.348997692035752,-1.979409489078408,23.59102584684324,7.450693784876081,5.7099154232866445,1.1570285673300167,-16.916235413949035,-1.937730506623268,0.7000000000000001,0.0,0.0,-7.758383006285067e-05,0.0,0.0,-8.073288118904349e-05
0.45000000000000034,2.66909486594186,-0.01397504410232304,0.029842289648607967,5.7027367969230935,-0.10319016464146819,0.19613663091283573,5.707041682259315,-1.0366453820934354,-3.850394585189741,1.3295911344848899,-16.61367540194986,-1.434790464863063,40.6264103874228,11.476189401573246,5.882937601703544,1.336849312929441,-15.44043052726022,-1.481446023317359,0.7000000000000001,0.0,0.0,-6.825184467798678e-05,0.0,0.0,-7.041612583427198e-05
0.5000000000000003,2.952359401486872,-0.01945168344264052,0.04001211125107085,5.631328635252326,-0.11450818502834684,0.201244640803304,5.63608673887329,-1.1648994614794932,-2.565081587721157,1.4693598997425121,-14.755033892040707,-0.8027974836046148,31.316327792307625,11.066204022936038,5.045719842375698,1.4757210768574813,-14.164523679393884,-0.8534798599289389,0.7000000000000001,0.0,0.0,-5.43515534394847e-05,0.0,0.0,-5.459545131269719e-05
0.5499999999999948,3.2324369383591827,-0.02530487686906672,0.04928998006530718,5.574273382084475,-0.11843573395857275,0.16623786206514052,5.578009124058313,-1.2171715306020692,-1.045441382451634,1.5910953173494613,-13.789872346709075,-0.2985863601317403,7.077854790896998,7.947266053570062,3.725293555024234,1.5911668180757608,-13.671936816848786,-0.3176214703836492,0.7000000000000001,0.0,0.0,-4.2940075715801466e-05,0.0,0.0,-4.194605929217571e-05
0.5999999999999893,3.5098983563717074,-0.03120540774763338,0.0564674467285954,5.52553144082921,-0.11700306449065961,0.12193002315861448,5.528114900329026,-1.2130561881920123,0.08230684820114766,1.7095124588527495,-13.984042388518745,-0.10499717166700287,-12.67904967357138,-0.020108899090378426,2.442735176880992,1.7107878250501571,-14.100385404554297,-0.12424035765686052,0.7000000000000001,0.0,0.0,-3.9898860806447596e-05,0.0,0.0,-3.670876414095197e-05
0.6499999999999838,3.7850063804080856,-0.0369820619400865,0.06166569978521999,5.4792419490599835,-0.11426281537075077,0.0892784650881487,5.48116036726199,-1.1946594738521057,0.36793428679817053,1.8567008901289892,-14.881703777513147,-0.3654787497754759,-21.720834270581367,-8.507392724538485,1.4014500642558168,1.8579250939789387,-15.042524731782844,-0.3792670115766866,0.7000000000000001,0.0,0.0,-4.1883214503716986e-05,0.0,0.0,-3.7900785486152e-05
0.6999999999999783,4.057766000261382,-0.04268617677830358,0.0657106825402511,5.431052739600574,-0.11478879056054977,0.07589156056240952,5.432795767901261,-1.2108028546394858,-0.32286761574763645,2.044877058798056,-15.978779543865546,-1.0260330266024464,-21.727858294465143,-14.731582789620118,0.545250569748511,2.0449187898860592,-16.050980817967766,-1.030701813939841,0.7000000000000001,0.0,0.0,-4.5141784374264366e-05,0.0,0.0,-4.1876977129819464e-05
0.7499999999999728,4.328018099557987,-0.048577266813478084,0.0695305473771863,5.378850986419147,-0.12209796242547112,0.0789903029620923,5.380816417096269,-1.300370052491267,-1.7913439570358194,2.256117689850297,-16.896535849043417,-1.9039156822019683,-15.462179783105203,-16.79685968251927,-0.06411175777556874,2.2538347130468788,-16.799766021021505,-1.8960328737583838,0.7000000000000001,0.0,0.0,-4.8252127025208296e-05,0.0,0.0,-4.67894618070784e-05
0.7999999999999673,4.5955656671480405,-0.05503731813198193,0.07373800462283323,5.323220779419678,-0.13745909368549683,0.08951771486691364,5.325747636732075,-1.479193970514857,-3.5764783604721915,2.4510443365826364,-17.395989587362717,-2.7606115956483257,-5.5692598286381205,-14.566298843157224,-0.27156674362928207,2.446085990283792,-17.113938750878393,-2.7401451191944983,0.7000000000000001,0.0,0.0,-5.074692959124012e-05,0.0,0.0,-5.136657785161616e-05
0.8499999999999618,4.860301603578978,-0.06244694449133308,0.07842610175384518,5.2669812909070535,-0.15962214067347483,0.09649019508860152,5.270282867579913,-1.7358855138643638,-5.133830866990705,2.595986551793513,-17.38172800314134,-3.394667362433486,4.688448157583335,-9.440097180309987,-0.012512979772640837,2.589319193738383,-16.967256621390963,-3.366499586973292,0.7000000000000001,0.0,0.0,-5.20835484673595e-05,0.0,0.0,-5.4266806129232545e-05
0.8999999999999563,5.122286590566396,-0.07107504348924251,0.08318031388917159,5.213717454562479,-0.1855792804772474,0.09122622707180891,5.217816745522755,-2.038549756092595,-6.053284844565287,2.682998072425209,-16.943809374812506,-3.7109388747097256,11.320934094136357,-3.5414450157712603,0.532740500817077,2.676138879413107,-16.482644845100634,-3.681798912640897,0.7000000000000001,0.0,0.0,-5.1684146685869975e-05,0.0,0.0,-5.4465778944500394e-05
0.9499999999999508,5.381743537796016,-0.08102305308426683,0.0872789134699198,5.166119462935064,-0.2118698606133989,0.07035615046782469,5.170940836159457,-2.348464829907253,-6.198301476293847,2.7274458626101965,-16.322216801568512,-3.734165120342372,12.65283526539585,1.2135118658715516,1.059393130980066,2.7213001813100965,-15.875809252264343,-3.7086352318370874,0.7000000000000001,0.0,0.0,-5.006914266765703e-05,0.0,0.0,-5.2496114452753156e-05
0.9999999999999453,5.6389896987902555,-0.09223360056993127,0.08997315034403006,5.125274877268295,-0.23574846599810442,0.03584482624261282,5.13081911183257,-2.633591067434869,-5.702524750552945,2.751408065350858,-15.74159329349294,-3.5695951758507407,10.54856693429838,3.708730566091168,1.3408006854845769,2.746100413143891,-15.328486966950516,-3.549599943807989,0.7000000000000001,0.0,0.0,-4.860311272645741e-05,0.0,0.0,-5.0058540511434e-05
1.0499999999999399,5.894362316780648,-0.1045440056960112,0.09069639860720986,5.091014984951314,-0.2557807514145453,-0.00751852967430693,5.097441897469895,-2.876213344778633,-4.852445546875813,2.770930125341575,-15.294934420200505,-3.348385935684428,7.8128408102737215,3.732493421558988,1.2865303877000256,2.766261937991773,-14.910243944900184,-3.3343491808664156,0.7000000000000001,0.0,0.0,-4.805230114280945e-05,0.0,0.0,-4.8346989900951995e-05
1.0999999999999344,6.1481724507970155,-0.1177543242739533,0.08913415427388327,5.06256739358438,-0.2718648809404079,-0.054799242374680306,5.0701579940902555,-3.073887529271623,-3.9534836898602297,2.7932628878097656,-14.961091743550776,-3.186480712973722,6.066772588132844,1.7586953258690057,0.9166844490507479,2.7890265900240387,-14.596473672113042,-3.1778687641496823,0.7000000000000001,0.0,0.0,-4.8260676250637935e-05,0.0,0.0,-4.755366131893965e-05
1.1499999999999289,6.400641238236228,-0.13168439947921656,0.08517631728079549,5.033857768465174,-0.28463758225179975,-0.10375269641739122,5.042966112158718,-3.2363219447334335,-3.2486883092365657,2.818820330285614,-14.670930825986925,-3.15922557072753,6.064562479146167,-1.1871141081706322,0.3400236736484538,2.8149652365523687,-14.319187806177338,-3.156055345582111,0.6000000000000001,0.0,0.0,-4.765419137827291e-05,0.0,0.0,-4.638370492351877e-05
1.1999999999999234,6.6514603389538856,-0.14619001775640644,0.07871640183698676,4.9999718690202215,-0.29535096890275847,-0.15392378801029452,5.011052126883216,-3.3805635285013755,-2.884831675359164,2.8407822079575173,-14.319891900040416,-3.284759470376436,7.837898106567101,-4.249177224859796,-0.3747325942996478,2.83700872068849,-13.964831965790033,-3.284520909604986,0.6000000000000001,0.0,0.0,-4.5305965251193896e-05,0.0,0.0,-4.390393773717607e-05
1.2499999999999178,6.900378950363416,-0.1612047646680058,0.0696914300514155,4.956899825671089,-0.3051593069812542,-0.20683227337823876,4.970589268254435,-3.5228273404252524,-2.8452762384778456,2.85030772669142,-13.833880505936223,-3.5413226228417387,11.134121052406204,-6.567699864945481,-1.070288091253421,2.8462756802593034,-13.454030352223898,-3.540897101002405,0.5000000000000001,0.0,0.0,-4.201723934488339e-05,0.0,0.0,-4.08895682552614e-05
1.2999999999999123,7.147134225512723,-0.17672197635005,0.05796558467978563,4.910993464656865,-0.315403372724849,-0.26294197103504363,4.928130941600522,-3.6747141376570513,-3.0377359446363186,2.8369143794668785,-13.167349895530746,-3.8746848961689837,15.05920755651215,-7.633651314059032,-1.693632368564399,2.833033429753349,-12.741215024438125,-3.8738252577215593,0.40000000000000013,0.0,0.0,-3.949582249639905e-05,0.0,0.0,-3.892585931912585e-05
1.3499999999999068,7.391443266526404,-0.19276732621070694,0.043276975743307584,4.862947221504033,-0.326553242779108,-0.32484518944988094,4.884712590993668,-3.841718698989139,-3.3400912266421234,2.7926284658741407,-12.297521825174478,-4.215762365745782,18.72912964589263,-7.503282347388189,-2.1686026362807884,2.790122509217313,-11.80637070458257,-4.22088838750858,0.40000000000000013,0.0,0.0,-3.682574526711127e-05,0.0,0.0,-3.6854979765783996e-05
1.3999999999999013,7.633523873464239,-0.20940730090103749,0.02534621532330682,4.8219242656284065,-0.3391324568679858,-0.39283117349368213,4.849771208791791,-4.023065049448265,-3.626927009182911,2.7166486759422703,-11.283278296342008,-4.518532610312047,21.025213865907784,-6.462001883772067,-2.4840857416610898,2.715238162051313,-10.716336466152825,-4.526758608770126,0.40000000000000013,0.0,0.0,-3.6149723741008925e-05,0.0,0.0,-3.664719774921174e-05
1.4499999999998958,7.873745904874997,-0.22670410062215599,0.0038424321498010086,4.788618710581146,-0.352723720665218,-0.46771728886751857,4.824317842011794,-4.212728238211919,-3.7932637752734912,2.6139584038017807,-10.1797098404864,-4.7481073566243985,22.53855974914728,-4.904262710362805,-2.6450081019392937,2.6133862440620907,-9.545682070375774,-4.759531832282954,0.40000000000000013,0.0,0.0,-3.5893054536426824e-05,0.0,0.0,-3.6680703223663045e-05
1.4999999999998903,8.1125065234789,-0.24469314596648536,-0.021573119741335033,4.76342747370675,-0.3667090178718255,-0.5490840063379784,4.808971828475288,-4.402191191578429,-3.789259067330615,2.492456927715342,-9.01834500863733,-4.894057444337987,23.509717573653763,-3.2884861842273554,-2.7052736798831885,2.492374893828366,-8.345781409848124,-4.908790834407385,0.40000000000000013,0.0,0.0,-3.5697515177410417e-05,0.0,0.0,-3.655043002991478e-05
1.5499999999998848,8.350215202847409,-0.26337784718544266,-0.051194327948815774,4.746453392224458,-0.3804529402789696,-0.6356101179244588,4.803911371615209,-4.5827571388689385,-3.611318945810597,2.3595629229625166,-7.827604583855906,-4.965243900441603,23.83041096678114,-1.9587671555756243,-2.7333207216888376,2.359563772754691,-7.1551188140296125,-4.982828129605934,0.40000000000000013,0.0,0.0,-3.539407133084224e-05,0.0,0.0,-3.613602035461702e-05
1.5999999999998793,8.587279931835281,-0.2827323284881085,-0.08523161242769536,4.737545384379583,-0.39343593698329365,-0.7253275725912991,4.808869741750904,-4.747312788240003,-3.291112987421661,2.219991424805919,-6.6428696541653744,-4.984392799519127,23.360614665276355,-1.131214649150827,-2.787335973329638,2.2196711839370864,-6.004210609398204,-5.003421318739923,0.40000000000000013,0.0,0.0,-3.495987454565996e-05,0.0,0.0,-3.547582492359211e-05
1.6499999999998738,8.824095926157296,-0.3027094643707063,-0.12378663175875862,4.736355705285334,-0.40533494367321254,-0.8159119052373497,4.82318090275075,-4.891425924415641,-2.8822627235130738,2.075123451727032,-5.501839525823504,-4.9808865126354425,22.163613833484504,-0.8801219515707766,-2.8981979465517633,2.074197352778863,-4.914645883895115,-4.999452280756262,0.40000000000000013,0.0,0.0,-3.4495317973756545e-05,0.0,0.0,-3.4737274470376816e-05
1.6999999999998683,9.06103732477233,-0.32325172591132334,-0.16684322854571645,4.742400148481746,-0.41605625760049386,-0.9050377057435673,4.845880232385629,-5.013788089987332,-2.4472433114340952,1.9236910131794995,-4.4329177640526565,-4.983354115977099,20.54405654818671,-1.141424034368955,-3.0675534529058677,1.922084068320059,-3.895905364690137,-4.9998911513471604,0.40000000000000013,0.0,0.0,-3.4143440555495284e-05,0.0,0.0,-3.412921450683798e-05
1.7499999999998628,9.298451786578015,-0.34430251908295123,-0.21427680363031745,4.755113090831299,-0.42572300996236756,-0.9907469380504828,4.875850703524772,-5.1160237195942875,-2.044712592139325,1.7631937593262776,-3.446007397050359,-5.013302134203753,18.924310546863904,-1.739352882199955,-3.275609012863146,1.7610342419440361,-2.944031290267792,-5.027136138506523,0.40000000000000013,0.0,0.0,-3.4005017488608845e-05,0.0,0.0,-3.3807864195409735e-05
1.7999999999998573,9.536657643880657,-0.3658157928655698,-0.2658805600212995,4.773894571067016,-0.43461968947123525,-1.0717403338918627,4.911984425202287,-5.201919392363718,-1.717913455388802,1.5914669931557512,-2.5313330418497446,-5.080952788211195,17.65975860885681,-2.4338149190969505,-3.4903566667307997,1.588987490313216,-2.044573678325691,-5.092160741128479,0.40000000000000013,0.0,0.0,-3.408899220587591e-05,0.0,0.0,-3.381752398894563e-05
1.8499999999998518,9.775943186238818,-0.3877619639396104,-0.32140247314584564,4.798148336763353,-0.4431030510973221,-1.1475039698248752,4.953315368138852,-5.276229096648098,-1.4861940856877747,1.4079810937389736,-1.6667780332096314,-5.1840415606444585,16.89072475215061,-2.9821092192323313,-3.6749669197732495,1.4054053637828177,-1.179764935439676,-5.192847983631794,0.40000000000000013,0.0,0.0,-3.431025379205672e-05,0.0,0.0,-3.4080489290844534e-05
1.8999999999998463,10.016567595318731,-0.41012894051050414,-0.38058321603207274,4.827309776367071,-0.4514994817891569,-1.2182193884356582,4.999082909637079,-5.343343638252726,-1.342290832092693,1.2145918144759003,-0.830121698182414,-5.309775564530221,16.49597182387785,-3.202443254959714,-3.7950666467826757,1.2120780573828012,-0.33735503496341646,-5.316000195873228,0.40000000000000013,0.0,0.0,-3.45294448162573e-05,0.0,0.0,-3.443424433997351e-05
1.9499999999998407,10.258763007969723,-0.43291824397884415,-0.4431843401485551,4.860863219993418,-0.4600160891084886,-1.2844758908897251,5.048711158305692,-5.40618282399292,-1.2567837148040375,1.0155417989092066,-0.010501911183420393,-5.439342259093179,16.16531692733511,-3.017276610439765,-3.828057932104445,1.0131894690334733,0.48279410561138836,-5.442209964259771,0.40000000000000013,0.0,0.0,-3.461569797368179e-05,0.0,0.0,-3.470095793566471e-05
1.9999999999998352,10.502737185548241,-0.45613760338628256,-0.5089989794148501,4.898349010274376,-0.4686920234686514,-1.3468803299385443,5.101723420815211,-5.46563119290002,-1.1889673781421117,0.8167725475661108,0.7852724598650753,-5.550244051451322,15.513112287038679,-2.378688122019612,-3.7677745113951,0.8148082426316595,1.266654136983398,-5.552256040321245,0.40000000000000013,0.0,0.0,-3.447601314088573e-05,0.0,0.0,-3.476702299411629e-05
2.049999999999852,10.748676235095845,-0.479792333616825,-0.5778432895206049,4.9393587051049614,-0.4773962992385776,-1.4057022007275857,5.157632239831881,-5.520573993939548,-1.0988560207901978,0.6243682525223627,1.5334420348689215,-5.629295637413398,14.233378475718066,-1.5994599514366732,-3.632203450393925,0.6229682808457291,1.9903253554765419,-5.630953109388542,0.40000000000000013,0.0,0.0,-3.4174326503811606e-05,0.0,0.0,-3.455242880380594e-05
2.0999999999998686,10.996746840228178,-0.5038776652689153,-0.649533473766615,4.983517595610266,-0.4858674753056141,-1.4606491884461505,5.215842298327795,-5.568446774515992,-0.9574556115285526,0.44345643022945863,2.190712982861203,-5.670261712455304,11.929244308746776,-0.7404749132990562,-3.4268986558153243,0.44249242793828236,2.6210103159529092,-5.671597833041445,0.40000000000000013,0.0,0.0,-3.367217289256716e-05,0.0,0.0,-3.408684389534691e-05
2.1499999999998853,11.247097039739083,-0.5283740715232873,-0.7238546011839972,5.0304516427205455,-0.4937931225598905,-1.5107977430176478,5.275583872704945,-5.606238807498049,-0.7558406596408902,0.2767427592684317,2.7199958121211054,-5.675216222813653,9.280565416081096,-0.025334883839090973,-3.2024230654105894,0.2760701248079875,3.1302251245861776,-5.676397035188948,0.40000000000000013,0.0,0.0,-3.335672857409141e-05,0.0,0.0,-3.3714251997285604e-05
2.199999999999902,11.499855557149719,-0.5532468785088811,-0.8005380477036129,5.079752428924272,-0.5008903465815514,-1.555029860972849,5.335999788884729,-5.631461179586416,-0.5044474417671648,0.12457588636589194,3.1232824733644877,-5.652081119295941,6.9585257525095825,0.4814469914112195,-2.976767564965361,0.12407575431459847,3.5197808283276175,-5.653371700017878,0.40000000000000013,0.0,0.0,-3.33535544355314e-05,0.0,0.0,-3.361008656256816e-05
2.2499999999999187,11.755128735135902,-0.5784491705622489,-0.8792653155757271,5.130930461256684,-0.5069574772889163,-1.5925145060472536,5.396253861152364,-5.64274917871507,-0.22575998257299892,-0.014358891644722089,3.422686970054189,-5.611103848563765,5.104652304921169,0.7639094461918314,-2.767190898520026,-0.014790666231829211,3.8069373795995545,-5.612771624495373,0.40000000000000013,0.0,0.0,-3.3512755134995855e-05,0.0,0.0,-3.365687092341934e-05
2.2999999999999354,12.012996377205608,-0.6039264786422044,-0.9596867024757629,5.183418462078591,-0.5118940267016872,-1.6228247594969165,5.455586370650389,-5.640018097788833,0.054621618524711264,-0.1421870827569794,3.6376148412970326,-5.562219916539438,3.5330375981524034,0.8545680471093865,-2.5800662974296524,-0.1425977773545131,4.008057401344519,-5.564339623736273,0.40000000000000013,0.0,0.0,-3.3666016966456376e-05,0.0,0.0,-3.371074508431606e-05
2.349999999999952,12.27350864738444,-0.6296218027172468,-1.0414393441217145,5.236605085124284,-0.5156958442436361,-1.6458343268392095,5.513324373979998,-5.6242984647062855,0.3143926616508444,-0.2609709819207024,3.7769315325138217,-5.513113161057184,2.0548170197596396,0.8145353969995927,-2.4122249240247764,-0.26135133617055606,4.132608454453231,-5.51556800871153,0.40000000000000013,0.0,0.0,-3.37529203909611e-05,0.0,0.0,-3.3725898618831615e-05
2.399999999999969,12.536684807716354,-0.6554799308998988,-1.1241589708117143,5.289870853141867,-0.5184330885782845,-1.6615970303610552,5.568878810097896,-5.597390022398981,0.5381688461459078,-0.3720886868426862,3.8435562070306935,-5.4680994314793345,0.6258293541853823,0.7184934360717988,-2.254686117554995,-0.3723989109806101,4.185695567173097,-5.4706892390609285,0.40000000000000013,0.0,0.0,-3.380034368508116e-05,0.0,0.0,-3.373651416463175e-05
2.4499999999999855,12.802513492090034,-0.6814503535257398,-1.2074874129927025,5.3426132290647645,-0.5202172014568764,-1.6702994126036326,5.621747253284648,-5.561432522230561,0.7191500033681524,-0.47595078243523536,3.8410571632584576,-5.427827145544796,-0.7026224120528486,0.639052605652797,-2.096917773726066,-0.4761475865589219,4.172139020907231,-5.430365002927113,0.40000000000000013,0.0,0.0,-3.3848000031838544e-05,0.0,0.0,-3.378268141856713e-05
2.500000000000002,13.070953997637554,-0.7074883939510556,-1.2910790795130185,5.394263392185263,-0.5211639908084807,-1.6722559702232382,5.6715191509447225,-5.51847440790449,0.8591622865211342,-0.5720602473098972,3.7757014719189654,-5.38981771323208,-1.889667990311616,0.6302051458127068,-1.930357049581847,-0.5721136116991625,4.097751722019215,-5.392172038423528,0.40000000000000013,0.0,0.0,-3.3904486976339264e-05,0.0,0.0,-3.3865851928129484e-05
2.550000000000019,13.34193832528693,-0.7335545787382527,-1.3746069466704318,5.444299938915794,-0.5213615960703478,-1.6678868276311565,5.7178725246826785,-5.470125668916882,0.9669747797518453,-0.6593489068387505,3.65437467555452,-5.349720708987423,-2.953234276993285,0.715157725755505,-1.7507661857338799,-0.6592494777145457,3.9681080077468613,-5.351822229501359,0.40000000000000013,0.0,0.0,-3.395294614677668e-05,0.0,0.0,-3.395581783012299e-05
2.6000000000000356,13.6153738309824,-0.759612708833694,-1.457766491557069,5.492259093389638,-0.5208515738934002,-1.65765995328091,5.760558378461212,-5.417372622848776,1.0550609213617632,-0.7366569173314106,3.4820273486006625,-5.302920818286994,-3.9452634261306234,0.8838709450871856,-1.5591714363701934,-0.7364176459705349,3.787191475868087,-5.304762931322451,0.40000000000000013,0.0,0.0,-3.397836349889563e-05,0.0,0.0,-3.4021994542181525e-05
2.6500000000000523,13.891146214434237,-0.7856274194693723,-1.5402764089740486,5.537737463985631,-0.5196274445301828,-1.6420274374714205,5.799379536342482,-5.360589635651158,1.1356597439519773,-0.8031895476640453,3.26123085279384,-5.246003333342867,-4.901727916350818,1.1010964041604792,-1.361219589037941,-0.8028428240609977,3.557507824566605,-5.247642432522449,0.40000000000000013,0.0,0.0,-3.398482379468039e-05,0.0,0.0,-3.4055602078718206e-05
2.700000000000069,14.169122418975803,-0.8115620893147449,-1.6218768494180924,5.580386064850142,-0.5176492259066792,-1.6213947510496531,5.834174345405424,-5.299719675231854,1.2173992083856706,-0.8588098610794935,2.993773661798429,-5.177658966934668,-5.816361983882363,1.3209473242919616,-1.1652359984281992,-0.8584000393960922,3.2814538449207453,-5.179204495745409,0.40000000000000013,0.0,0.0,-3.3991809556247356e-05,0.0,0.0,-3.4069502351003496e-05
2.7500000000000857,14.449153089434777,-0.8373777498553618,-1.7023273041686475,5.6198997107983235,-0.5148674416475366,-1.596136192902189,5.864811334407276,-5.234543771190885,1.3035180808189513,-0.9040989434357507,2.6826293522640996,-5.09883873712137,-6.650936352092826,1.5020974958512237,-0.9797452016250989,-0.9036716208623922,2.9627284359863593,-5.100426210089635,0.40000000000000013,0.0,0.0,-3.401893037000045e-05,0.0,0.0,-3.408382938996249e-05
2.8000000000001024,14.731074526240892,-0.8630332507771198,-1.7814060966783618,5.6560085329434875,-0.5112478926522008,-1.5666386515653385,5.8911937327717645,-5.16494247104882,1.392026002840825,-0.9402037932660088,2.332863833975748,-5.012235794113814,-7.363438622448519,1.6187517221631866,-0.8113036197293224,-0.9397953139189893,2.606832014760758,-5.013990102519277,0.40000000000000013,0.0,0.0,-3.407385033887746e-05,0.0,0.0,-3.4112394924814735e-05
2.850000000000119,15.01471037673028,-0.8884865164832522,-1.8589121333673035,5.688476306768566,-0.5067895536730186,-1.533343416647501,5.913268163862998,-5.091072116652611,1.4774070879237065,-0.9685590696180318,1.9512155197955598,-4.921364612198352,-7.930358448552485,1.665041141901297,-0.6632252547980474,-0.9681899670285224,2.220558685300508,-4.923369181218166,0.40000000000000013,0.0,0.0,-3.415051866788935e-05,0.0,0.0,-3.4158044636929495e-05
2.900000000000136,15.299873427241426,-0.9136964246956617,-1.9346682043354275,5.71710573509227,-0.5015312983189174,-1.4967644177647044,5.9310315588188285,-5.0134200224860255,1.5530418833311872,-0.9905911053746221,1.54497543320606,-4.829576791185969,-8.352384627850954,1.6530110095854011,-0.5353939418678922,-0.9902653086405622,1.8110079262740153,-4.831860823254081,0.40000000000000013,0.0,0.0,-3.4235330292051935e-05,0.0,0.0,-3.421578472331469e-05
2.9500000000001525,15.586367765306779,-0.9386247253664779,-2.008524477672817,5.741747184160118,-0.49554718469554987,-1.4574786710606715,5.944532935030902,-4.932745748830607,1.6134854731078223,-1.0074933014842669,1.120945811832149,-4.739304424691898,-8.646863180219539,1.606062990055038,-0.42501223228491924,-1.007202245882798,1.3847200107048185,-4.741849985069671,0.40000000000000013,0.0,0.0,-3.43150123111373e-05,0.0,0.0,-3.427833895926826e-05
3.000000000000169,15.87399137055185,-0.9632374973782767,-2.0803609952010578,5.7623064339760575,-0.48893348642618706,-1.4160982911759288,5.9538698141177155,-4.849947719761688,1.6559605813778306,-1.020118634477422,0.6849091818466679,-4.651697486380993,-8.836232235225674,1.5505208242582058,-0.3279202411957251,-1.0198478303722902,0.9472586754526223,-4.65445986118499,0.40000000000000013,0.0,0.0,-3.438160888078501e-05,0.0,0.0,-3.4339975112753236e-05
3.050000000000186,16.162538999968717,-0.9875058517672414,-2.150088593506123,5.778748424028474,-0.4817924697170389,-1.373237731811293,5.95918108469258,-4.7659073807874375,1.6808067794844435,-1.0289890382289224,0.24161589668170685,-4.566678311652204,-8.939272548774976,1.5080378195002306,-0.23999396434096193,-1.0287244271600042,0.5032339836244445,-4.569609839118533,0.40000000000000013,0.0,0.0,-3.443349915253644e-05,0.0,0.0,-3.439763051669665e-05
3.1000000000002026,16.451805138677837,-1.0114058514813935,-2.2176483062584382,5.79109622615451,-0.474217997082308,-1.329487053006774,5.960638726969653,-4.681359182345699,1.690963968834218,-1.0343879478455755,-0.2049331805124477,-4.483314207995214,-8.967744835539277,1.4907388630655733,-0.15822602500414432,-1.0341201045326,0.056575880840358715,-4.48638280989735,0.40000000000000013,0.0,0.0,-3.4473640615273156e-05,0.0,0.0,-3.445024028323447e-05
3.1500000000002193,16.74158679808896,-1.0349178361727966,-2.283009693525663,5.7994262695389045,-0.4662865031258176,-1.285395924667735,5.958440302794655,-4.59681708977647,1.690841851383997,-1.036486956499434,-0.6511469546694484,-4.400341303967521,-8.926917465474682,1.4999539161050541,-0.08123489057160589,-1.0362124853865704,-0.3891461006778518,-4.403539290592744,0.40000000000000013,0.0,0.0,-3.4507015089690775e-05,0.0,0.0,-3.449778418859722e-05
3.200000000000236,17.031682573163373,-1.0580252037705087,-2.346168707620258,5.802484161696397,-0.4579498277127657,-1.2414938845226628,5.951457599340422,-4.512604528938255,1.6842512167637642,-1.0355440448596382,-1.0934021260253861,-4.31718216916903,-8.741613539245611,1.3365653547552308,-0.032389710053946745,-1.0352067293029925,-0.8302129128301572,-4.320081145313588,0.30000000000000016,0.0,0.0,-3.443360135860163e-05,0.0,0.0,-3.440672880192789e-05
3.2500000000002527,17.321456638214983,-1.0806793355580406,-2.4071582185416953,5.788074642038825,-0.4482827384722293,-1.198793699674656,5.927889321656122,-4.4286811779959,1.6784670188465203,-1.0323182482013307,-1.5067640612330726,-4.251509627077997,-7.853005238413293,1.044110781407446,0.08523444929457856,-1.031398621373349,-1.2301380571124003,-4.251007883337216,0.30000000000000016,0.0,0.0,-3.110739070996865e-05,0.0,0.0,-3.095895070762757e-05
3.3000000000002694,17.61042983425843,-1.1028489697433446,-2.466069478936509,5.770540714857691,-0.43862962498044894,-1.158619216844586,5.90202800564199,-4.346800888129575,1.6376057973259588,-1.0247002195668669,-1.8697334272762836,-4.200106706988661,-6.620373033130853,0.8239082689390351,0.17553583683287888,-1.023814989683961,-1.5657237772252475,-4.200471278445128,0.30000000000000016,0.0,0.0,-3.05097467338723e-05,0.0,0.0,-3.0377919753224615e-05
3.350000000000286,17.898456923365988,-1.124542535231238,-2.523070520740211,5.750350726659783,-0.4292701170160859,-1.1225984124260846,5.874609221773076,-4.269275221253891,1.5505133375131495,-1.012403331118929,-2.1597730109546127,-4.153955469339088,-5.010940015903216,0.8854056937075571,0.28387960322774475,-1.0115367596152127,-1.8317600567644237,-4.155088340690657,0.30000000000000016,0.0,0.0,-3.065544080454385e-05,0.0,0.0,-3.064032566240326e-05
3.400000000000303,18.185420291539955,-1.1457782348510972,-2.578403152586471,5.728121090372525,-0.42031498419934415,-1.0919763021698345,5.846404720545228,-4.196697608048008,1.4515522641171972,-0.9943778811520578,-2.373064820567441,-4.101092260521934,-3.6733986378729804,1.141130639227699,0.40202039593251926,-0.9935513851643787,-2.0365996408707767,-4.102729444303065,0.30000000000000016,0.0,0.0,-3.060213600473873e-05,0.0,0.0,-3.069045256945956e-05
3.4500000000003195,18.471213231645226,-1.166574165434307,-2.632352144836373,5.7009808202264995,-0.41146932762922755,-1.0672908351248498,5.814602226026434,-4.128174996906033,1.3704522228390412,-0.9703159190591294,-2.53617894485843,-4.034702738341611,-2.8240656015287993,1.4635467983747898,0.5193561275351402,-0.9695486457527794,-2.2049140328283836,-4.036550853081533,0.20000000000000015,0.0,0.0,-2.9686194139433933e-05,0.0,0.0,-2.9821503238236992e-05
3.500000000000336,18.755265297169732,-1.186909007839806,-2.6852243288521285,5.661458269789733,-0.40205473830868294,-1.0487252966946568,5.7717919662003,-4.062103704186749,1.3214258543852193,-0.9406729285111977,-2.653285794182505,-3.9540667849315008,-2.0472919004517296,1.732886031369081,0.6179115524937903,-0.9400148388983408,-2.320352039603351,-3.9565141775373993,0.20000000000000015,0.0,0.0,-2.610548893326453e-05,0.0,0.0,-2.6232557195696912e-05
3.550000000000353,19.03720931079993,-1.206768839962512,-2.7373174265947253,5.6131388275549075,-0.392208793886785,-1.0362621042412192,5.721450374170264,-3.996951546833131,1.3030431470719392,-0.906594333192974,-2.7279076929267223,-3.863492978678936,-0.6761185023930404,1.9031955430642205,0.6933065957242188,-0.9060779869231618,-2.374385908897498,-3.8670898412115173,0.10000000000000014,0.0,0.0,-2.3364041334345518e-05,0.0,0.0,-2.3451065554701e-05
3.6000000000003696,19.316501262322237,-1.2261232039725811,-2.788955375677186,5.559284533441457,-0.38209767101048986,-1.0304845370507638,5.666881111780427,-3.931838270645261,1.3022655237569634,-0.869549012341467,-2.7087154949942334,-3.7691732386741337,1.4513510027074163,1.9525931653037276,0.733887789888716,-0.8691982753175804,-2.316460036051869,-3.774310228917499,0.10000000000000014,0.0,0.0,-2.1475990093886706e-05,0.0,0.0,-2.1508039784952627e-05
3.6500000000003863,19.59312861882465,-1.2449765094122853,-2.8404923593014013,5.504731625134829,-0.37204961056013625,-1.0324216143878329,5.613054922885813,-3.866583121517731,1.305102982550165,-0.8311709562721155,-2.5692371081566527,-3.676896957278472,4.284475308970361,1.8421224622386763,0.7303080696814059,-0.8309988705799829,-2.1405746643285433,-3.6833479781412275,1.3877787807814457e-16,0.0,0.0,-2.1259865891231005e-05,0.0,0.0,-2.1231680418831352e-05
3.700000000000403,19.866710492665483,-1.2633100260148182,-2.892358167918963,5.439698693223541,-0.36145830059188994,-1.0436602026077733,5.550693703910527,-3.801614016007563,1.2993821102029242,-0.7932195092776056,-2.2627666595018945,-3.597074767763824,7.648866423676306,1.5972923293844887,0.715160410588287,-0.7930562395838494,-1.811265542147447,-3.6032512401809034,1.3877787807814457e-16,0.0,0.0,-1.798676601147703e-05,0.0,0.0,-1.7876023375868095e-05
3.7500000000004197,20.137123429387287,-1.2811247558372145,-2.945028608486083,5.378060598298172,-0.3513224202030222,-1.0645789279883162,5.493659211838804,-3.7375428557921966,1.2814232043068943,-0.7565574430039883,-1.822614586128379,-3.533560079535927,9.719187502374492,1.2720632996584103,0.6729827501951736,-0.7565015310922573,-1.3569650971403329,-3.5398996912347624,0.0,0.0,0.0,-1.686372669031516e-05,0.0,0.0,-1.6710810570092384e-05
3.8000000000004364,20.404554705785916,-1.2984476489767094,-2.9989866556283977,5.320494801727573,-0.3418028175388517,-1.0949311096116228,5.442735363407169,-3.6757828857654355,1.2351994005348161,-0.7221014015905418,-1.3031870305887463,-3.4862249254700055,10.902320823235282,0.9835329602129483,0.6267272085018155,-0.722114810045751,-0.8303099122729183,-3.492397948019138,0.0,0.0,0.0,-1.6302510541867006e-05,0.0,0.0,-1.615653509797933e-05
3.850000000000453,20.669222238612026,-1.3153127654525667,-3.0546760055306597,5.26754067683275,-0.33301948927128977,-1.133490002699361,5.398396646092388,-3.617485289332315,1.1659519286620201,-0.6898814157419907,-0.740374274840305,-3.4514442891071404,11.508205244499342,0.7785457822890832,0.5876834233898772,-0.6899278008658594,-0.26628398033392425,-3.457218870992225,0.0,0.0,0.0,-1.5839438409865474e-05,0.0,0.0,-1.5728552947325036e-05
3.9000000000004698,20.931366659511337,-1.3317587658720655,-3.1124647231940283,5.219568162904609,-0.3250358047643494,-1.178535089243253,5.360828764115097,-3.563352814160008,1.082649503445778,-0.6593109660947075,-0.15735189108295508,-3.4241778425755873,11.752635077516118,0.675683451122986,0.5631388527310446,-0.6593622428310946,0.3144350196418417,-3.4294349340444223,0.0,0.0,0.0,-1.5451904790080445e-05,0.0,0.0,-1.5388139329327656e-05
3.9500000000004865,21.19124297005102,-1.3478260158186535,-3.1726308063541504,5.176787383406925,-0.31785815646392895,-1.2282427969451657,5.329985158410804,-3.5135875897975333,0.9953044872491645,-0.6294306235604232,0.4331555816957543,-3.3993292215216995,11.847301942980941,0.6667107326907812,0.5550980090938865,-0.6294732547242297,0.9027987129232153,-3.404066923463352,0.0,0.0,0.0,-1.5181291041553648e-05,0.0,0.0,-1.5163224132177579e-05
4.000000000000503,21.449113211379498,-1.3635539639593555,-3.235364999403605,5.139276476754678,-0.3114462711296274,-1.2809862403014662,5.305665578621236,-3.4679512249350437,0.9127272972494882,-0.5992128411883944,1.028804537815487,-3.372838343280453,11.974539523183328,0.7247176602015792,0.561154922503778,-0.5992539569037831,1.4994125417189292,-3.3771508063205964,0.0,0.0,0.0,-1.5053516535821848e-05,0.0,0.0,-1.507002825741565e-05
4.050000000000475,21.705240673986932,-1.3789791951111947,-3.3007857817232495,5.107013232574237,-0.305728990515215,-1.3355148267011767,5.287594370379453,-3.4258967709569292,0.8410890795627598,-0.5678534297782958,1.6325649947801464,-3.3423317263423034,12.177646193998005,0.8129078528005086,0.575848359519951,-0.5679053975597208,2.109188676713265,-3.346341074748257,0.0,0.0,0.0,-1.5035996159289788e-05,0.0,0.0,-1.507033787894544e-05
4.100000000000447,21.95988564827402,-1.3941343141219336,-3.3689595036158173,5.079905954007861,-0.3006212556653092,-1.3909868483041743,5.27547742418423,-3.3867288879590065,0.7833576599588852,-0.5349326916769888,2.249471482152557,-3.3072492291747375,12.50207481606791,0.8953434551848157,0.5927847723108117,-0.535020261576607,2.7369426309532123,-3.311088062716189,0.0,0.0,0.0,-1.5108208816819015e-05,0.0,0.0,-1.5143196724387986e-05
4.15000000000042,22.213302687780757,-1.4090476669273586,-3.439920015410958,5.057820917166638,-0.29604015166250686,-1.4469291889396447,5.269041305525159,-3.3497669053488064,0.7392396522044135,-0.5005077028202493,2.885509729861852,-3.26866321428662,12.93244118699188,0.9433195116263527,0.6056298747763443,-0.5006551145173526,3.3860934455128278,-3.272419952038839,0.0,0.0,0.0,-1.5226296292822421e-05,0.0,0.0,-1.524756838978925e-05
4.200000000000392,22.465739008208335,-1.4237437734178378,-3.513684810196513,5.04060127242212,-0.2919170204358131,-1.503136086810299,5.2680446875320825,-3.314475996630996,0.7058181743566022,-0.4650716687441878,3.543992247508579,-3.2287185117350665,13.380715170781233,0.9408995348366991,0.6095746487865512,-0.46529512095963926,4.056022547320689,-3.232418354916716,0.0,0.0,0.0,-1.5328704128841313e-05,0.0,0.0,-1.5327580589233944e-05
4.250000000000364,22.717433692915034,-1.4382442374878994,-3.5902647993071595,5.028080428098347,-0.28820434474557255,-1.5595230750366345,5.27226391195733,-3.2805449764147934,0.678620404324429,-0.42942514652776126,4.222581609392644,-3.1899532898030873,13.716562601264496,0.8859801991367576,0.6021342056258424,-0.42972795563942623,4.7407082656330655,-3.193564592263084,0.0,0.0,0.0,-1.5361726959246022e-05,0.0,0.0,-1.5336079691685495e-05
4.300000000000336,22.968617425118307,-1.4525688602010103,-3.6696665957886654,5.020089821689512,-0.28487709467639655,-1.6159810038389637,5.281462996336364,-3.2479036984546408,0.6528255592034082,-0.3944883073355504,4.912381649437589,-3.154667888485296,13.81602988303358,0.7882651125662687,0.5834378982179227,-0.39486003654423224,5.429126732957594,-3.1581249763085113,0.0,0.0,0.0,-1.5298474055011437e-05,0.0,0.0,-1.5252014387552336e-05
4.350000000000309,23.219512468530457,-1.466736695358599,-3.7518884070346865,5.01646113537439,-0.281929330422352,-1.6722718409940802,5.295362082072939,-3.216687121534915,0.6243315383948641,-0.36110096164669647,5.599424955901782,-3.124468917999567,13.604989618914344,0.665078005941023,0.5558594983225121,-0.3615203197564699,6.1072402135774055,-3.127698083814405,0.0,0.0,0.0,-1.5145027080135866e-05,0.0,0.0,-1.508545072934839e-05
4.400000000000281,23.470332619370485,-1.4807668464782549,-3.8369123291254605,5.017023049215513,-0.27936757780692606,-1.7279902339296935,5.313616166834581,-3.187162949351762,0.5904834436633913,-0.3298587702211813,6.2677828519750864,-3.1000445673169557,13.07895303939793,0.5363906839319532,0.5231353862337864,-0.3302988456588463,6.760754925798581,-3.102983688543098,0.0,0.0,0.0,-1.493302715884757e-05,0.0,0.0,-1.4869674810139922e-05
4.450000000000253,23.721282874710383,-1.4946788890855562,-3.924696409909321,5.021593447509115,-0.27720278386451913,-1.7825899057585513,5.335810051675471,-3.1596437137480957,0.5503847120736283,-0.30102203294585567,6.902946385396991,-3.0811661668506627,12.29499787801631,0.4202588482054514,0.4892990393314062,-0.30145601179940373,7.377632867730185,-3.0837749413188233,0.0,0.0,0.0,-1.4704331626542986e-05,0.0,0.0,-1.4645969090703519e-05
4.500000000000226,23.972558675725942,-1.50849289365812,-4.0151691237892,5.029971230082516,-0.27544264610101005,-1.835443534929702,5.361467354807282,-3.134402547798586,0.5048233189904718,-0.2745157413026624,7.490712219006495,-3.06686576163523,11.142661448447226,0.3295379419221546,0.4578089237993772,-0.2749159673385366,7.948214515662156,-3.0691260412280545,0.0,0.0,0.0,-1.444627408385817e-05,0.0,0.0,-1.4399515776905703e-05
4.550000000000198,24.224344754448943,-1.5222290957284672,-4.108225893160218,5.041929134912725,-0.2740854038035726,-1.885856325996471,5.39004882096265,-3.111605636238499,0.45593823120198984,-0.24997376223392231,8.01367701785752,-3.0556768250211865,9.800134448580776,0.26962763000619994,0.43081681019686896,-0.2503380910579244,8.460266054816818,-3.0576350722063514,0.0,0.0,0.0,-1.4245702408541889e-05,0.0,0.0,-1.4213651974185e-05
4.60000000000017,24.47681384368611,-1.5359073417261608,-4.203727531844752,5.057211651280307,-0.27311704616800464,-1.9331792763751763,5.420992964518518,-3.0912819810574286,0.4064731036216402,-0.22692394326369209,8.474122313604777,-3.0461653448166697,8.677885211720167,0.2393604082971421,0.4090847639878293,-0.22724812229288907,8.914999029508152,-3.0478540289245726,0.0,0.0,0.0,-1.4223674804090587e-05,0.0,0.0,-1.4206283759035174e-05
4.6500000000001425,24.73012458877042,-1.5495464381756927,-4.3015084077862475,5.075509096817919,-0.2725102141795791,-1.9770183726102581,5.453774477767866,-3.0733286687120542,0.35906624690767924,-0.20489097339291715,8.885437558214642,-3.0371296167343687,7.811003485253736,0.23159318409671037,0.39199110185295516,-0.2051762238040706,9.321286939333643,-3.038574933801188,0.0,0.0,0.0,-1.4283462130688623e-05,0.0,0.0,-1.4277809725041206e-05
4.700000000000115,24.984418946812863,-1.5631635330794948,-4.401389622654706,5.09646902772201,-0.27222674310588985,-2.017214897684724,5.487919450359395,-3.0575354860817385,0.3158636526064879,-0.18351641856219214,9.25587168038814,-3.027777283796538,7.005644082699176,0.23588037208253368,0.3779994639046105,-0.1837683773015491,9.684255408035163,-3.029005297641591,0.0,0.0,0.0,-1.430653207169458e-05,0.0,0.0,-1.4307899747726043e-05
4.750000000000087,25.239820889233947,-1.5767737005457774,-4.50318719145227,5.11973006080912,-0.272222872964254,-2.053697647817949,5.5229896991367315,-3.043626838318426,0.27817295526640873,-0.16263056349001534,9.5838260047857,-3.0178191447752383,6.097205193774483,0.24124167365525145,0.3651521710315647,-0.162858314685702,10.002340469981773,-3.0188629828672875,0.0,0.0,0.0,-1.4260688143752155e-05,0.0,0.0,-1.426389138623456e-05
4.800000000000059,25.496436631094273,-1.5903898071625098,-4.606713193833694,5.144945192298618,-0.2724549452229931,-2.0863699678273804,5.55856387672078,-3.0313152196362023,0.24623237364460715,-0.14227122845787737,9.86309018106431,-3.0074604004334815,5.067569182891327,0.23874050946084185,0.35160320824841834,-0.1424849583052023,10.271039581310117,-3.0083576446327993,0.0,0.0,0.0,-1.4185356596894053e-05,0.0,0.0,-1.4185965416239373e-05
4.850000000000032,25.754355469345754,-1.6040226370087434,-4.711773734894626,5.1717833068516805,-0.2728838605011089,-2.1150944648364485,5.5942320982895835,-3.0203524016012704,0.21925636069876292,-0.1226463040619631,10.089412519790113,-2.997273866796768,3.995834231211247,0.22322833146565843,0.33604071103833155,-0.12285429265975009,10.487442786855068,-2.9980579079630623,0.0,0.0,0.0,-1.4127909940829268e-05,0.0,0.0,-1.4123119553527326e-05
4.900000000000004,26.01365032880535,-1.6176811916090008,-4.8181679356410045,5.199918673024033,-0.2734776000796117,-2.139738075336132,5.629602404686542,-3.0105642656990628,0.19576271804426112,-0.10405436088323376,10.262827574375398,-2.987991568283163,2.9604984549735787,0.19395851334489936,0.3179249385710599,-0.1042607913133672,10.651813383812925,-2.9886847188518404,0.0,0.0,0.0,-1.4104510098850802e-05,0.0,0.0,-1.4093520736035068e-05
4.949999999999976,26.274377794455525,-1.6313730671109847,-4.925689347937814,5.229022771455625,-0.2742118509768728,-2.160215518752805,5.664309522887859,-3.001861778594044,0.17404974210047247,-0.08679001315843254,10.386110987757025,-2.980282864440588,1.9909661631227893,0.1540781165115946,0.29751956321870404,-0.08699445640207325,10.766522871415642,-2.980894937612683,0.0,0.0,0.0,-1.4103773277085272e-05,0.0,0.0,-1.4087657304611294e-05
4.9999999999999485,26.53657794172581,-1.6451048208201613,-5.034128804846093,5.258764400012985,-0.27506902658002086,-2.1765024936708888,5.698019751561344,-2.9942289225471113,0.15265712093874162,-0.07106218014934472,10.462446464764104,-2.974582671325208,1.0796869679369987,0.10926834410413919,0.27572551793110806,-0.07126061302564927,10.83444869611482,-2.975113948601448,0.0,0.0,0.0,-1.4109261173419634e-05,0.0,0.0,-1.4090411353043663e-05
5.049999999999921,26.80027432969316,-1.658882256045967,-5.143277306033565,5.288815135848144,-0.27603606592726365,-2.1886274157753247,5.730432044440663,-2.9876945359511833,0.13068773191863164,-0.05694542307171487,10.49441646745008,-2.971006166423757,0.2151105816115758,0.06597134433551513,0.25377340941486565,-0.05713209884673932,10.858257107757451,-2.971452102792638,0.0,0.0,0.0,-1.4114501496191444e-05,0.0,0.0,-1.4095842240682858e-05
5.099999999999893,27.065474290002726,-1.6727105774094864,-5.252928384724354,5.3188550025330485,-0.27710157161192744,-2.1966618251446057,5.7612782429777045,-2.9822978196625756,0.10793432577221179,-0.04437225682211707,10.484357471667852,-2.9693561723953876,-0.6002177539033132,0.02968468790193844,0.23287345863738104,-0.04454172388921759,10.840589213194677,-2.969711952811677,0.0,0.0,0.0,-1.4122829535826987e-05,0.0,0.0,-1.4107010531635975e-05
5.149999999999865,27.3321694491405,-1.6865944019785593,-5.362880197834966,5.348576108506635,-0.2782530377167128,-2.2007191357215836,5.790324330796826,-2.9780571206315987,0.08481398061958229,-0.03316229832251762,10.435043196032701,-2.969206092424305,-1.3532930915802446,0.0037300037876249,0.21392395910837625,-0.03331103644662425,10.784454772810532,-2.9694701571702375,0.0,0.0,0.0,-1.4139510281704466e-05,0.0,0.0,-1.4128281472363974e-05
5.199999999999838,27.600336397868737,-1.7005376502795166,-5.472937702501074,5.377685203722123,-0.2794749183612923,-2.2009579776822226,5.817372293385384,-2.974949294822094,0.0621565161901304,-0.023075157483856586,10.34990044762335,-2.9700266032253575,-2.0328651994170657,-0.011261406083915711,0.19734400236266955,-0.023202490511769744,10.693314675824794,-2.9702026964011154,0.0,0.0,0.0,-1.4165867397517108e-05,0.0,0.0,-1.4159766482464759e-05
5.24999999999981,27.86993749687622,-1.7145433728272372,-5.582914943152387,5.405906755805609,-0.2807480111255124,-2.1975821900735344,5.842261101692054,-2.9729032878935833,0.04092013857024121,-0.013869706752842645,10.232703498451826,-2.9713184500260943,-2.636596039789699,-0.01711110253929065,0.18305151341074216,-0.01397785371218987,10.570833674263396,-2.9714159405864256,0.0,0.0,0.0,-1.41990408046637e-05,0.0,0.0,-1.4197430417824955e-05
5.299999999999782,28.140921859394723,-1.72861358068509,-5.6926371656380965,5.432986864017486,-0.282050189161936,-2.190833959818939,5.864865899003043,-2.9718074796537666,0.021916164796342237,-0.005353278313589365,10.087137392934748,-2.9727171269273707,-3.169490826159706,-0.017267173198424426,0.17056945105683866,-0.0054466328687280486,10.420573699621041,-2.972749677413082,0.0,0.0,0.0,-1.4235097200459223e-05,0.0,0.0,-1.4236494755749267e-05
5.3499999999997545,28.413226531701998,-1.7427491394654104,-5.801942460218713,5.458697051793119,-0.28335810927887783,-2.1809826500669356,5.885095635692081,-2.971526846993101,0.005612653213316987,0.002590413813309301,9.91657430256945,-2.9740469492370063,-3.6380426387784777,-0.015686550507727343,0.15921443117752446,0.002506484451678417,10.245853252539272,-2.97403003731421,0.0,0.0,0.0,-1.4271757710741863e-05,0.0,0.0,-1.4274331670330395e-05
5.399999999999727,28.68677783570585,-1.756949760958277,-5.91068284189465,5.482836833221649,-0.2846492990590657,-2.1683142257591554,5.902890101028168,-2.9719239890102958,-0.007942840343905895,0.009998272392087447,9.72412519727941,-2.9753183947722013,-4.045804809563881,-0.0157614122235277,0.14830669998642554,0.009918715122238558,10.049800700737684,-2.9752665003399983,0.0,0.0,0.0,-1.4308923487151466e-05,0.0,0.0,-1.4311002619642195e-05
5.449999999999699,28.961492799481753,-1.77121409578035,-6.018724890695809,5.505234698705008,-0.28590402264207143,-2.1531244496880633,5.918217222596097,-2.9728779340078817,-0.019078899951724397,0.016846002148935706,9.512818280222024,-2.976678520309198,-4.392755381829358,-0.019565640121471283,0.13734291395856013,0.016767086168652183,9.835488280554742,-2.9766028174513046,0.0,0.0,0.0,-1.4347536621309983e-05,0.0,0.0,-1.4347996924472607e-05
5.499999999999671,29.237280605430314,-1.785539904082257,-6.125950153126949,5.525747960920234,-0.28710649103845515,-2.1357158739670528,5.931070979100266,-2.974296204792983,-0.028365415702043994,0.02307863798593747,9.285733589012471,-2.978335246602011,-4.677281066346379,-0.027570018508103485,0.1260921317962208,0.02299845338757804,9.606025299403454,-2.978242387337223,0.0,0.0,0.0,-1.4388244362715286e-05,0.0,0.0,-1.4386690954313632e-05
5.549999999999644,29.514044017243435,-1.7999242657568182,-6.232255449281957,5.54426217618411,-0.2882452309766135,-2.1163966734171864,5.941469790438882,-2.976118165487493,-0.03643921389021781,0.02864282953390967,9.046022681158997,-2.9804799211226003,-4.898427165931533,-0.038825425068080004,0.11460272952846616,0.02856122992184064,9.36456304136938,-2.9803720926755015,0.0,0.0,0.0,-1.4430829450930766e-05,0.0,0.0,-1.4427558339231883e-05
5.599999999999616,29.791680778218527,-1.8143637886831743,-6.337553123718322,5.560690622819537,-0.28931267358926144,-2.0954792995593037,5.949455060818096,-2.9783103329557408,-0.04384334936497851,0.03351182982531759,8.79684272408125,-2.9832289214745296,-5.056967572220754,-0.0514869469270467,0.10313405311017869,0.03342993767142354,9.114235591075095,-2.9831049640070337,0.0,0.0,0.0,-1.4474432005277829e-05,0.0,0.0,-1.4470218217566547e-05
5.649999999999588,30.07008498741994,-1.8288547816581002,-6.441771201455636,5.574973920588912,-0.2903042106089688,-2.073277981711045,5.955089616403066,-2.9808563504870995,-0.05092035062720779,0.03769790177880987,8.541269857101623,-2.986596358235613,-5.155260994168441,-0.06348044692654475,0.09204447044907532,0.03761739471146135,8.858085460138927,-2.9864534690327114,0.0,0.0,0.0,-1.4518063187819293e-05,0.0,0.0,-1.4513861040639528e-05
5.6999999999995605,30.34914845684685,-1.8433933737838044,-6.544853390047477,5.587079612160635,-0.2912170568600788,-2.0501051522588463,5.9584559327182705,-2.9837452495158776,-0.05777798057559574,0.041251347900746575,8.282235838044917,-2.990499453399262,-5.196599530853279,-0.07310801356652397,0.08167366268249583,0.04117376183444132,8.599007491637185,-2.9903349257907172,0.0,0.0,0.0,-1.4560962325178689e-05,0.0,0.0,-1.455761310063538e-05
5.749999999999533,30.628762041818987,-1.857975579127678,-6.646758887384808,5.597001480355219,-0.2920492457880801,-2.026267358877263,5.959654163012762,-2.9869614068512886,-0.06432314670825245,0.0442491691072251,8.022496197332018,-2.994789116580234,-5.184668541229772,-0.07944072573072516,0.07225175057357387,0.04417540193704096,8.339718450517637,-2.994601651121268,0.0,0.0,0.0,-1.4602668500785298e-05,0.0,0.0,-1.4600692465469498e-05
5.799999999999505,30.908816927382087,-1.8725973196425556,-6.747461984068234,5.6047584624938755,-0.2927989877906107,-2.002061210045298,5.958800026760082,-2.990478507293519,-0.07034200884465042,0.04677854301596625,7.7646178956147445,-2.999292852869965,-5.123301230292529,-0.08243213139983738,0.06385458951096941,0.046708649842182356,8.082744400122532,-2.9990831776354323,0.0,0.0,0.0,-1.4642921281948971e-05,0.0,0.0,-1.4642434507728586e-05
5.849999999999477,31.189205849494304,-1.8872544273088911,-6.84695147160694,5.610393134891343,-0.2934644781964919,-1.9777697005366703,5.956022625574886,-2.994258306441042,-0.07559598295050031,0.04892061260838987,7.510974169185468,-3.0038562320259614,-5.016404519981843,-0.08277413402278448,0.05640844397868284,0.048853884687864245,7.830416613099649,-3.003627004360798,0.0,0.0,0.0,-1.4681547370348953e-05,0.0,0.0,-1.468230253069215e-05
5.89999999999945,31.469824230539,-1.901942647127521,-6.945229880659934,5.613969817738217,-0.29404410016111154,-1.9536591047170724,5.951462252653472,-2.998253548858927,-0.07990484835773735,0.050738816082582405,7.263742231784928,-3.008372153152681,-4.867900961140705,-0.08158308889570065,0.04973330976181049,0.05067405997756076,7.584871547168203,-3.008127315775976,0.0,0.0,0.0,-1.4718404567892276e-05,0.0,0.0,-1.4719921285466582e-05
5.949999999999422,31.75057121231999,-1.9166576570920646,-7.042312580590941,5.615572388903806,-0.2945368675742073,-1.9299765409657006,5.945268258880936,-3.0024134121340036,-0.08319726550158045,0.052273858668411444,7.024904521957074,-3.0127924920476232,-4.681648586344343,-0.08003329180578948,0.043605825106993894,0.0522097558220442,7.348053721709423,-3.012536371862829,0.0,0.0,0.0,-1.4753367917450518e-05,0.0,0.0,-1.4755100409411361e-05
5.999999999999394,32.03135057456012,-1.9313951122993804,-7.138226775068655,5.615301909725291,-0.2949429153965843,-1.9069482406554081,5.937597026848984,-3.006689497601852,-0.08552170935701124,0.05354520547529028,6.796253445635949,-3.017122496240077,-4.461391311381842,-0.0790464401706353,0.03782119992923493,0.05348063720967569,7.121720218411995,-3.0168589472804594,0.0,0.0,0.0,-1.4786319475049827e-05,0.0,0.0,-1.4787809231737881e-05
6.0499999999993666,32.31207153213286,-1.946150711094308,-7.233010427919677,5.613274165840245,-0.29526386829956164,-1.8847784655210726,5.928610079681804,-3.0110406417472872,-0.08702288290875868,0.054557286085458116,6.57939671751167,-3.0214028259314563,-4.2107862856286244,-0.07910893690524091,0.03223796579241662,0.05449154419582792,6.907444291632926,-3.0211346444320797,0.0,0.0,0.0,-1.4817128256394475e-05,0.0,0.0,-1.4818103840181963e-05
6.099999999999339,32.59264940912176,-1.9609202742236864,-7.326711148392288,5.609617212503848,-0.2955029840834264,-1.8636489335362114,5.91847232247413,-3.015435486357678,-0.08789689220786469,0.055307778431974264,6.375759586437729,-3.025686438426882,-3.933492427686031,-0.0802399687230299,0.02679722305696984,0.05524063032582897,6.706615729663305,-3.025415156330741,0.0,0.0,0.0,-1.484563488638003e-05,0.0,0.0,-1.4846042789144884e-05
6.149999999999311,32.87300619166952,-1.9756998248298463,-7.419385056898287,5.604468988273235,-0.2956650490096708,-1.8437185811468122,5.907350393212537,-3.019852555558098,-0.08834138400844775,0.0557953984965259,6.186582351125575,-3.0300174119432834,-3.6332589916682507,-0.08208817374307184,0.02151655337705224,0.055727021559606224,6.520437515431101,-3.029743449679318,0.0,0.0,0.0,-1.4871658790080892e-05,0.0,0.0,-1.4871631060867569e-05
6.199999999999283,33.15307096401065,-1.9904856578325731,-7.511095644323485,5.597975030998197,-0.2957560725078762,-1.825123524675438,5.89541109528659,-3.0242782955285437,-0.08851479940896195,0.05602533833609288,6.012914688302238,-3.0344168302987833,-3.3139590239491103,-0.08410499287249615,0.01646542838976155,0.05595616922214279,6.349920562058023,-3.034139896313902,0.0,0.0,0.0,-1.4895028717978037e-05,0.0,0.0,-1.489480879968483e-05
6.249999999999256,33.43278023313104,-2.00527439084474,-7.601912632971373,5.5902863060282,-0.29578287186727076,-1.8079771593240213,5.88281989349443,-3.028703971042452,-0.08851351027821905,0.05601152285998576,5.8556101004150385,-3.0388779298830624,-2.9795537219416084,-0.08573330142196554,0.011732377667156721,0.055942078978715275,6.195879324535873,-3.038597511909612,0.0,0.0,0.0,-1.4915620056757877e-05,0.0,0.0,-1.4915474932531415e-05
6.299999999999228,33.712078147644064,-2.0200629936921306,-7.691910846027133,5.581557145082202,-0.2957526478463644,-1.7923704053639635,5.869739471437459,-3.03312242383515,-0.0883690558540134,0.055775854011042125,5.715323417284121,-3.043369826984758,-2.634012995270444,-0.08655884244841613,0.007394159573074212,0.055706578367379106,6.058930513583226,-3.0430856285389063,0.0,0.0,0.0,-1.4933378944270927e-05,0.0,0.0,-1.493352342496026e-05
6.3499999999992,33.99091661637561,-2.034848798297237,-7.781169093967154,5.571943295015672,-0.295672634070311,-1.778372145796516,5.856328361554968,-3.0375255231195033,-0.0880619856871105,0.05534533115166673,5.592512555112094,-3.047847054145694,-2.2812309820618597,-0.08639291309437376,0.003494478969455975,0.05527649384893473,5.9394956667058665,-3.0475592754016096,0.0,0.0,0.0,-1.4948323231059114e-05,0.0,0.0,-1.4948873559197413e-05
6.399999999999173,34.26925533228492,-2.0496294939797646,-7.869769088544293,5.561600083148534,-0.2955498676102901,-1.7660298936613839,5.842739665125246,-3.041902786337239,-0.08754526435476659,0.054748263635651384,5.4874440120767884,-3.0522612164236644,-1.9249637525685923,-0.08527945093073816,3.571148792352603e-05,0.054679931302614344,5.837806987364246,-3.0519706407083147,0.0,0.0,0.0,-1.4960523972920252e-05,0.0,0.0,-1.496148659207463e-05
6.449999999999145,34.54706170788147,-2.06440311458331,-7.957794396179484,5.550680713233477,-0.29539108834078043,-1.7553706970145844,5.829119878615528,-3.0462412488734882,-0.08676925072502638,0.0540107390639461,5.400200738641391,-3.0565713155348004,-1.568795785216207,-0.08344074868432795,-0.0030169934563363436,0.053942803847247756,5.753915255591541,-3.0562792211154703,0.0,0.0,0.0,-1.4970079223226153e-05,0.0,0.0,-1.4971370165223885e-05
6.499999999999117,34.82431072910266,-2.0791680233405914,-8.045329442140497,5.539334709301084,-0.29520274181170714,-1.7464022569899873,5.815607837849848,-3.0505263283175013,-0.08570158888030753,0.05315418309247444,5.3306911117666695,-3.0607503657483246,-1.2161269147915375,-0.08118876796875485,-0.005722889326199854,0.05308643000402382,5.687698736276035,-3.060458322899648,0.0,0.0,0.0,-1.4977091727620842e-05,0.0,0.0,-1.49785751364438e-05
6.549999999999089,35.10098473544983,-2.0939228995809938,-8.132458575064787,5.52770652268389,-0.2949910413519932,-1.73911421326107,5.802333785828477,-3.0547432325957735,-0.08433808556549427,0.0521943900499053,5.278658303214494,-3.0647873769786407,-0.8701674304853856,-0.07883198711179307,-0.00814917748930462,0.052126576895837204,5.6388724944028095,-3.0644970062360133,0.0,0.0,0.0,-1.4981656774494786e-05,0.0,0.0,-1.4983188651189783e-05
6.599999999999062,35.37707313481673,-2.108666729020995,-8.219265198881532,5.515934312036439,-0.29476204167782016,-1.7334795448588802,5.789418565655719,-3.058878421543723,-0.08270377895903815,0.051141959331032875,5.24368988139828,-3.068685152609329,-0.5339324448545538,-0.07660235995743399,-0.010355833939145048,0.05107388628411224,5.606997996012668,-3.068397913112464,0.0,0.0,0.0,-1.4983860582963275e-05,0.0,0.0,-1.4985325515053592e-05
6.649999999999034,35.65257206176545,-2.1233987971868173,-8.305830976668558,5.504148899408952,-0.2945216857462494,-1.7294560389104592,5.7769729375135075,-3.0629207236345053,-0.08084604181568987,0.05000374449167727,5.225227798202387,-3.072455310712943,-0.21023181473441388,-0.0746165465986447,-0.01238525487456757,0.04993529812525162,5.591493148697375,-3.0721723646802364,0.0,0.0,0.0,-1.4983786060300788e-05,0.0,0.0,-1.4985119128909848e-05
6.699999999999006,35.9274839879959,-2.138118684016884,-8.392235108848762,5.4924728992216565,-0.29427580362443123,-1.726987789876251,5.765097017714863,-3.0668618813661355,-0.07882315463263989,0.04878476136879747,5.222579001405724,-3.0761123358663864,0.09834464817446294,-0.07287389527526197,-0.014258300339884893,0.048715927601002136,5.591643018019779,-3.075834505953629,0.0,0.0,0.0,-1.498152182818319e-05,0.0,0.0,-1.4982713313454095e-05
6.749999999998979,36.20181729347213,-2.1528262571044943,-8.478553686541586,5.481020012309725,-0.29403006071762533,-1.726006702965004,5.7538798380419305,-3.070696489865232,-0.07669216998197582,0.047490008173345206,5.234926882865042,-3.07966832933767,0.3894454738416622,-0.07128393870283851,-0.015976390888203188,0.0474208573458973,5.60661142144921,-3.0793961387653224,0.0,0.0,0.0,-1.4977171029686113e-05,0.0,0.0,-1.497825636174637e-05
6.799999999998951,36.475585806196854,-2.1675216613122252,-8.564859119823128,5.4698944743283935,-0.29378986781142497,-1.726433985086774,5.743399024234651,-3.074421452070968,-0.07449924411475724,0.046125785338735584,5.261343695639815,-3.083129601575434,0.6609775568409428,-0.06971039317415662,-0.017527891598708517,0.0460564386985327,5.635453512437433,-3.0828633686220117,0.0,0.0,0.0,-1.4970857534536721e-05,0.0,0.0,-1.4971898089209348e-05
6.849999999998923,36.74880831805194,-2.182205303361235,-8.651219640005948,5.459190646547396,-0.2935602740555166,-1.7281816137305865,5.733720593113216,-3.07803516839328,-0.07227432644628892,0.04470030627457565,5.30080397240444,-3.086495556865879,0.9111257009157179,-0.0680173582374273,-0.018896337708978098,0.04463089563915649,5.677129355184297,-3.08623550816169,0.0,0.0,0.0,-1.4962728299903314e-05,0.0,0.0,-1.4963789709790878e-05
6.8999999999988955,37.02150808352019,-2.196877831122187,-8.737698874681524,5.448992737032022,-0.2933458655464422,-1.731153778093186,5.724898867968519,-3.0815366998340763,-0.07003062881595924,0.04322360007363872,5.3521988600802155,-3.0897596635682483,1.1383692913607253,-0.06610591477943388,-0.02006811769695059,0.043154231667818725,5.730518373773941,-3.0895060337884783,0.0,0.0,0.0,-1.4952951745618284e-05,0.0,0.0,-1.495408559026375e-05
6.949999999998868,37.29371230751828,-2.2115401083763735,-8.824355494023585,5.439374640932844,-0.2931506877581254,-1.7352482879320896,5.716976511315016,-3.084925101913172,-0.06776804158194585,0.04170687377874824,5.414351172320202,-3.0929118365956394,1.3414940778601416,-0.06393415916713512,-0.021037857156599726,0.041637604012527286,5.794434459385821,-3.0926649325390674,0.0,0.0,0.0,-1.4941712984390037e-05,0.0,0.0,-1.4942945655103403e-05
6.99999999999884,37.56545162803335,-2.2261931865357543,-8.911242926611402,5.430399889635972,-0.2929782020867784,-1.7403579448971576,5.709984672888627,-3.088199045828415,-0.06547887830490631,0.04016159552160116,5.486030882745848,-3.095941354138956,1.5195979960968895,-0.0615191954758203,-0.021810665515446092,0.04009242214126474,5.86764145823009,-3.095701574607116,0.0,0.0,0.0,-1.4929207409330307e-05,0.0,0.0,-1.493053739789628e-05
7.049999999998812,37.83675959876913,-2.2408382750984925,-8.998409142735884,5.422121699508397,-0.2928312779116248,-1.7463718697520374,5.703943249109725,-3.091356750891942,-0.06315410127057323,0.03859857399677267,5.565970756622778,-3.0988394812189326,1.672091052729825,-0.05892427981849372,-0.022401334772066545,0.03852944176941599,5.94886874996046,-3.098607296718017,0.0,0.0,0.0,-1.4915634290320154e-05,0.0,0.0,-1.4917036846006072e-05
7.099999999998785,38.107672176562474,-2.2554767124889072,-9.08589650279575,5.414583111705438,-0.29271221412709797,-1.753176778003104,5.698861248424485,-3.0943961729663156,-0.060788441487506215,0.037027256801261996,5.652881841664405,-3.101601212200333,1.7986900642472585,-0.05623722703046591,-0.022831293313654136,0.03695807369148223,6.036826652358186,-3.1013771174253804,0.0,0.0,0.0,-1.4901191665302494e-05,0.0,0.0,-1.4902628203363846e-05
7.149999999998757,38.37822721791879,-2.2701099384995844,-9.173741668015193,5.407817214943678,-0.29262277953946186,-1.7606581965479415,5.694737255257529,-3.097315343605842,-0.05838341279056113,0.03545537553236409,5.745468586469451,-3.104225875874221,1.8994092652222605,-0.053547035184192834,-0.02312449523252308,0.03538603368080626,6.130221431810074,-3.104010331897988,0.0,0.0,0.0,-1.4886073141094016e-05,0.0,0.0,-1.4887502179584373e-05
7.199999999998729,38.64846398861413,-2.284739468978848,-9.261975570367813,5.401847443347246,-0.2925642603115371,-1.7687016149943917,5.691559983914128,-3.1001127397793184,-0.05594792346955435,0.033888958959027875,5.8424434021561735,-3.1067166720458697,1.9745475967350419,-0.05092469590724289,-0.023303440258959668,0.03381935477326953,6.2277697400722944,-3.1065100542629747,0.0,0.0,0.0,-1.4870466526096488e-05,0.0,0.0,-1.4871853218045338e-05
7.2499999999987015,38.918422689920654,-2.2993668728491983,-9.350623438312498,5.396687941565582,-0.2925375043727,-1.7771935668650705,5.689308912707285,-3.102787580805823,-0.053496820530124556,0.03233264409638596,5.942540514630744,-3.109079451797761,2.0246731353678613,-0.04841195999010758,-0.023386255399264578,0.032262693067197104,6.328212325073544,-3.1088820151900234,0.0,0.0,0.0,-1.4854553733877875e-05,0.0,0.0,-1.4855875989655828e-05
7.299999999998674,39.18814400462347,-2.3139937511253383,-9.439704874748832,5.392343989448877,-0.29254295637757777,-1.7860226374870596,5.687954987821879,-3.1053399871676484,-0.0510481272365372,0.030790156992465522,6.0445289705151835,-3.111321173832745,2.0506048548368745,-0.04601917775316015,-0.02338532848480091,0.03071980092761783,6.430326877215168,-3.1111330408245297,0.0,0.0,0.0,-1.4838511203293293e-05,0.0,0.0,-1.4839761613264017e-05
7.349999999998646,39.45766866561575,-2.328621717389111,-9.529233983472517,5.388812478725231,-0.2925806811490409,-1.7950803966101696,5.687461385903251,-3.10777098197726,-0.04861989619225132,0.029264818012478263,6.147224666174308,-3.113448462839307,2.053391819208685,-0.043730955890844234,-0.023307520738813932,0.02919402459145046,6.532939879171665,-3.113269632749275,0.0,0.0,0.0,-1.482251014466791e-05,0.0,0.0,-1.4823694068827441e-05
7.399999999998618,39.72703704948575,-2.34325237917761,-9.61921954033461,5.386082434382878,-0.2926503774265444,-1.8042622545403377,5.687784324017101,-3.1100823575866077,-0.046227512186986015,0.027759946918088085,6.249501274847749,-3.1154665893570406,2.03428995511844,-0.041516756924453904,-0.023155602593041988,0.027688703309123104,6.634937333867385,-3.1152969636549157,0.0,0.0,0.0,-1.4806716145212022e-05,0.0,0.0,-1.480784717706411e-05
7.449999999998591,39.9962887971548,-2.3578873199039534,-9.709665205256325,5.384135573810392,-0.29275138634690095,-1.8134682408486866,5.68887390543554,-3.112276458146069,-0.043882011189254645,0.026279089690060518,6.350299957142215,-3.117379028858881,1.9947366755742248,-0.039342954500032244,-0.02293033205666701,0.026207393038466868,6.735274257053305,-3.117218443915467,0.0,0.0,0.0,-1.4791287953763735e-05,0.0,0.0,-1.4792382353605888e-05
7.499999999998563,40.26546246328684,-2.3725280811830047,-9.800569771203598,5.382946897158207,-0.2928827000532493,-1.8226037046535266,5.690674989650385,-3.1143559397161362,-0.04158963140136296,0.02482604609344971,6.4486377572382265,-3.1191875895294903,1.9363237704883447,-0.0371831756297356,-0.022632552360315826,0.02475389391558796,6.832982839733942,-3.119035848464076,0.0,0.0,0.0,-1.4776375533769583e-05,0.0,0.0,-1.4777447164281792e-05
7.549999999998535,40.53459519587468,-2.387176145695244,-9.891927446170234,5.382485302809617,-0.29304297525035417,-1.8315799352588713,5.6931280751049345,-3.1163235635874362,-0.03935247742601829,0.023404729156289387,6.543614611215075,-3.1208929644685663,1.8607691055695375,-0.03502477796551092,-0.022264798916466738,0.023332112127258192,6.9271792112742725,-3.1207498615645983,0.0,0.0,0.0,-1.4762117673749473e-05,0.0,0.0,-1.4763174556708585e-05
7.5999999999985075,40.80372244711268,-2.4018329209236233,-9.983728164152529,5.382714222244543,-0.29323055483032257,-1.8403147017418473,5.696170183385233,-3.1181820603190515,-0.037169934632327345,0.022018923309190867,6.634418923330931,-3.122495489788282,1.7698877567396605,-0.03287063300456694,-0.021832116247123706,0.021945821893694165,7.017068764615489,-3.1223608239757925,0.0,0.0,0.0,-1.4748639542303674e-05,0.0,0.0,-1.4749682556462377e-05
7.64999999999848,41.07287771638795,-2.416499724199603,-10.075957921026061,5.383592268910337,-0.29344349849154977,-1.8487327100447672,5.699735734037814,-3.119934078243469,-0.03504035848837178,0.02067202125097403,6.720331698695214,-3.1239958817276783,1.6655632452178257,-0.030736665410279126,-0.02134203309988401,0.020598406415944064,7.10195003808685,-3.1238694589087728,0.0,0.0,0.0,-1.473605056989671e-05,0.0,0.0,-1.4737074200511149e-05
7.699999999998452,41.34209232595994,-2.4311777694862178,-10.168599131167076,5.385073895954007,-0.2936796211784355,-1.856765976328956,5.703757399787757,-3.121582207496202,-0.03296258505467661,0.019366811191240778,6.800729253637418,-3.125395773271734,1.549719510084706,-0.028646528328012563,-0.020803854391504374,0.019292648381514312,7.181217180783967,-3.125277399958737,0.0,0.0,0.0,-1.4724442944544382e-05,0.0,0.0,-1.4725437521031129e-05
7.749999999998424,41.61139522964528,-2.4458681562261004,-10.261631000609073,5.387110057822223,-0.29393653665760955,-1.8643541157880816,5.708166932713827,-3.12312905423025,-0.030936934680979244,0.018105361695548886,6.875084555188909,-3.126697952319378,1.4242941782285268,-0.026625228806695222,-0.02022756481666378,0.018030616575730754,7.254361057793111,-3.1265874246740104,0.0,0.0,0.0,-1.4713890866556233e-05,0.0,0.0,-1.4714845471679856e-05
7.799999999998397,41.88081285457598,-2.460571860427442,-10.355029912500543,5.389648870807554,-0.29421170287227294,-1.8714445467675982,5.712895952871042,-3.1245773323556443,-0.028965562507903577,0.016889019557653512,6.942967266421284,-3.127906293623584,1.291213579944813,-0.02469344084010118,-0.019622680646885268,0.016813663825236958,7.3209690757111,-3.127803386308064,0.0,0.0,0.0,-1.4704450556626764e-05,0.0,0.0,-1.4705355778403399e-05
7.849999999998369,42.15036897585512,-2.4752897279941277,-10.448769820641836,5.392636267640512,-0.29450246589252044,-1.8779926108232556,5.717876691901926,-3.12592994203234,-0.02705219353392718,0.015718505980665074,7.00404259370729,-3.1290254523691865,1.1523698350793874,-0.022863760120977683,-0.018997335897239575,0.015642521798953084,7.3807238271447435,-3.1289299108470425,0.0,0.0,0.0,-1.4696160888765993e-05,0.0,0.0,-1.4697010774890025e-05
7.899999999998341,42.420084623688886,-2.4900224701661275,-10.542822646931773,5.396016641230186,-0.29480610011480285,-1.8839616102012717,5.723042685303873,-3.1271900131370094,-0.025201422093402107,0.01459407491540113,7.058069045272025,-3.1300604329271695,1.0096002223457856,-0.02113946500886768,-0.01835778364211025,0.014517457087002904,7.4334006653519715,-3.1299719713155008,0.0,0.0,0.0,-1.4689044450384658e-05,0.0,0.0,-1.4689837332220802e-05
7.9499999999983135,42.689978022328226,-2.5047706608479916,-10.637158678650842,5.399733472673693,-0.29511984354491605,-1.8893227650798121,5.728329408179623,-3.1283609045959446,-0.023417829178714714,0.013515688577911193,7.104895218573621,-3.131016156327088,0.8646689498669504,-0.019515639063892646,-0.017708359017123067,0.013438444257194513,7.478864327665571,-3.1309344611368126,0.0,0.0,0.0,-1.468310881688496e-05,0.0,0.0,-1.4683847002645714e-05
7.999999999998286,42.96006455991214,-2.5195347355755695,-10.731746961645307,5.403729938717847,-0.29544092818347734,-1.8940550937318494,5.73367485045438,-3.1294461630987884,-0.021705170056894284,0.012483168883221539,7.144455738071143,-3.131897128283656,0.719251376266527,-0.017981965936624267,-0.017051830599652876,0.012405315254254475,7.517064729982093,-3.1318218668332958,0.0,0.0,0.0,-1.4678347863005602e-05,0.0,0.0,-1.4679036473319644e-05
8.049999999998347,43.23035678806632,-2.5343149918964905,-10.8265556856547,5.407949493984129,-0.2957666064380588,-1.898145219539548,5.739020028665863,-3.130449454231536,-0.02006582265491861,0.011496296819923276,7.176766465963857,-3.132707267025062,0.5749206768678156,-0.016526223852254822,-0.01638998577493032,0.011417857581520733,7.5480320552305615,-3.1326380983319195,0.0,0.0,0.0,-1.4674742995688795e-05,0.0,0.0,-1.4675388373691675e-05
8.099999999998408,43.50086444988016,-2.549111590999769,-10.921552558239304,5.412336423475211,-0.29609417494434415,-1.901587109497443,5.7443094325009385,-3.1313744837100166,-0.018500589569590938,0.010554849643606402,7.201919107173403,-3.133449900756526,0.4331369109717226,-0.015137511425973771,-0.01572426649041356,0.010475851283626951,7.571871257167622,-3.1333864864187113,0.0,0.0,0.0,-1.4672264265361428e-05,0.0,0.0,-1.4672872419726499e-05
8.14999999999847,43.77159453467019,-2.5639245605004124,-11.016705164013121,5.4168363611685475,-0.29642099716083864,-1.904381749490367,5.749491405248601,-3.1322249258881745,-0.01700884356314329,0.009658582983260843,7.220075326756714,-3.1341279015672976,0.2952384124586978,-0.013808474520931147,-0.015056293369413472,0.009579051699082155,7.588756097469092,-3.1340699145198854,0.0,0.0,0.0,-1.4670871374406194e-05,0.0,0.0,-1.4671446823558719e-05
8.19999999999853,44.04255135773485,-2.578753798344285,-11.111981306166886,5.421396770869007,-0.296744525699391,-1.9065367622141505,5.754518458254823,-3.1330043720843963,-0.015588923924414192,0.008807177304636059,7.231460493365302,-3.134743895370503,0.16243539959336156,-0.012536178258046994,-0.014388172054470228,0.008727137114776587,7.598922829232825,-3.134691025223065,0.0,0.0,0.0,-1.4670514640423364e-05,0.0,0.0,-1.4671059862856465e-05
8.249999999998591,44.31373666312664,-2.593599077831512,-11.20734932757248,5.425967385924682,-0.2970623247388801,-1.9080659741234336,5.759347520293007,-3.1337163043889027,-0.014238646090112455,0.008000173450151148,7.236357156487465,-3.135300479940901,0.035805672237023495,-0.011321666747831334,-0.013722550091624501,0.007919645650985036,7.6026636337598665,-3.1352524346027217,0.0,0.0,0.0,-1.4671135982581507e-05,0.0,0.0,-1.4671651492533357e-05
8.299999999998652,44.585149747308805,-2.608460053757827,-11.302778409090596,5.430500604900613,-0.2973720922360054,-1.9089889382213752,5.763940123502179,-3.1343640935704284,-0.012955783630494565,0.0072369200543252596,7.235098358082273,-3.135800393665709,-0.08370775452106674,-0.01016856529825148,-0.01306245898257986,0.0071559238139805035,7.6003199101396115,-3.13575689786621,0.0,0.0,0.0,-1.4672669986238222e-05,0.0,0.0,-1.4673154897753856e-05
8.349999999998714,44.85678760143267,-2.6233362696457747,-11.398238843053226,5.43495184083485,-0.2976716811622898,-1.9093304198489764,5.7682625281899895,-3.134951014268546,-0.01173841396234002,0.0065165483073436736,7.22806087125684,-3.136246600458792,-0.19529724923833197,-0.009081254555833201,-0.012411023663665926,0.006435101947818313,7.592275508847742,-3.136207392367271,0.0,0.0,0.0,-1.4675045070971175e-05,0.0,0.0,-1.4675497917333425e-05
8.399999999998775,45.12864506986604,-2.6382271659921095,-11.493702280256747,5.439279822266186,-0.29795911876204834,-1.9091198528585274,5.772285789351051,-3.1354802678954736,-0.010585072538536898,0.005837979614589064,7.2156584497720955,-3.1366422835671863,-0.29828957686658963,-0.008063155208078572,-0.011771140304629751,0.0057561020501638955,7.578949991626,-3.1366071109087423,0.0,0.0,0.0,-1.467818475115962e-05,0.0,0.0,-1.4678604306220677e-05
8.449999999998836,45.40071502252825,-2.6531320894072987,-11.589141949173932,5.443446844802749,-0.29823262286391755,-1.9083907736736356,5.775985768210996,-3.1359550037861563,-0.009494717813643907,0.00519996217981208,7.198335163127551,-3.1369907651457645,-0.3921435086489858,-0.007115536545318456,-0.011145211225221843,0.005117674038553618,7.560791990650127,-3.1369593820450787,0.0,0.0,0.0,-1.4682008948471646e-05,0.0,0.0,-1.4682394842037097e-05
8.499999999998897,45.672988538540075,-2.6680503024805864,-11.684532846468812,5.447418972595327,-0.2984906145393228,-1.9071802407273768,5.779343092478636,-3.1363783315779528,-0.008466555835918033,0.004601125705290039,7.176558882660358,-3.1372953840901796,-0.4764462130234305,-0.006237056746130136,-0.010534997719727482,0.004518449843518062,7.538272730767228,-3.13726754940501,0.0,0.0,0.0,-1.4686435297138615e-05,0.0,0.0,-1.4686788305696671e-05
8.549999999998958,45.94545509868038,-2.682980994178109,-11.779851898269861,5.451166189674303,-0.298731726788716,-1.905528246642467,5.7823430692748365,-3.1367533215462022,-0.007499799364984201,0.004040040603141297,7.150814975221653,-3.1375593692384416,-0.5509086009928345,-0.005424021638924525,-0.009941608438262365,0.0039570019295784836,7.511879769682613,-3.137534846609664,0.0,0.0,0.0,-1.4691380380801439e-05,0.0,0.0,-1.4691702377643615e-05
8.599999999999019,46.21810278415375,-2.6979232905760444,-11.875078092019777,5.454662501699492,-0.2989548093384516,-1.903477130276033,5.7849755549143875,-3.137082993488435,-0.006593438844640873,0.003515269214773518,7.1216002525192135,-3.1377857396030033,-0.6153597888975344,-0.004671171222971032,-0.009365605779856298,0.0034318939437063233,7.482111002633169,-3.137764298930836,0.0,0.0,0.0,-1.469676085012605e-05,0.0,0.0,-1.4697054487465182e-05
8.64999999999908,46.49091847921652,-2.712876265743389,-11.970192579067843,5.457885989247728,-0.29915892995220095,-1.901070995409792,5.787234785852841,-3.1373702977480673,-0.005746085192638032,0.003025400615807378,7.089417216454661,-3.1379772508857284,-0.6697408273088047,-0.003972704889584199,-0.00880718506600027,0.0029417151984491665,7.449468970390784,-3.137958670602782,0.0,0.0,0.0,-1.470249439096121e-05,0.0,0.0,-1.4702762640503164e-05
8.699999999999141,46.76388807527738,-2.7278389526144773,-12.065178748499521,5.4608188143158,-0.29934337284210094,-1.898355142435979,5.789119175182268,-3.1376180935024176,-0.004955915087002395,0.002569066025617383,7.054768633690881,-3.1381363925615964,-0.7140978297192768,-0.003323250344234827,-0.008266372180514143,0.0024850960513802195,7.414455502519836,-3.1381204619669822,0.0,0.0,0.0,-1.470850053650906e-05,0.0,0.0,-1.4708746227491536e-05
8.749999999999202,47.03699667418723,-2.742810353721883,-12.160022273002951,5.463447182233628,-0.29950763479284376,-1.8953755188887804,5.79063107907581,-3.13782912939201,-0.004220717791841183,0.0021449370187081743,7.018152466379904,-3.1382654265280667,-0.7485746215120119,-0.002718546574357792,-0.007743190174271515,0.0020607063373868396,7.377566721560414,-3.138251947545629,0.0,0.0,0.0,-1.4714701335905761e-05,0.0,0.0,-1.47149268054563e-05
8.799999999999264,47.310228788554284,-2.7577894516889563,-12.254711127850596,5.465761261655068,-0.2996514195136949,-1.8921781941121114,5.791776537548659,-3.1380060302397617,-0.0035380169550297495,0.001751712376592816,6.9800571802639615,-3.1383664497412997,-0.7734050166333819,-0.0021557277548349208,-0.007237761549349173,0.001667242599272514,7.339288428215892,-3.1383552376992587,0.0,0.0,0.0,-1.4721021905985772e-05,0.0,0.0,-1.4721228827096838e-05
8.849999999999325,47.58356853706403,-2.7727752194028734,-12.349235584323912,5.467755065710982,-0.29977463056274933,-1.888808862751319,5.792564993830028,-3.138151291573845,-0.002905226681671542,0.0013881009254308227,6.940957446234821,-3.1384414606445867,-0.7889048205012792,-0.001633213582250477,-0.006750336993295933,0.0013034113399042124,7.300091882583821,-3.1384323439960657,0.0,0.0,0.0,-1.4727390896046224e-05,0.0,0.0,-1.4727580292371895e-05
8.899999999999386,47.85699983294846,-2.787766629801593,-12.443588179127136,5.469426297762309,-0.2998773630054679,-1.885312381121461,5.793008996532537,-3.1382672815665447,-0.002319799853985946,0.0010528070630640527,6.901310246838681,-3.138492412176453,-0.7954636449832067,-0.001150309389055063,-0.006281259204800657,0.0009679148965409778,7.260429991947014,-3.138485231336561,0.0,0.0,0.0,-1.4733740892817279e-05,0.0,0.0,-1.4733913301162394e-05
8.949999999999447,48.130506563926744,-2.802762665212445,-12.537763661522742,5.470776165473082,-0.2999598938280619,-1.8817323398517414,5.793123888668152,-3.1383562483782583,-0.0017793362342669484,0.0007445235082945333,6.861551395022963,-3.138521240828449,-0.7935366172706014,-0.0007066732084376186,-0.005830886319513514,0.0006594443964462272,7.220733911542963,-3.1385158465007525,0.0,0.0,0.0,-1.4740008782604489e-05,0.0,0.0,-1.4740164494172853e-05
8.999999999999508,48.40407276213217,-2.817762326178917,-12.631758920074153,5.471809167132421,-0.30002267105651065,-1.8781106755431018,5.7929274873979955,-3.138420330066927,-0.0012816337733765667,0.00046193290775881237,6.822092468642798,-3.138529869336195,-0.7836360523081233,-0.0003018094456026723,-0.005399504237906163,0.00037668141428584746,7.181410061035348,-3.138526120743085,0.0,0.0,0.0,-1.4746136077691218e-05,0.0,0.0,-1.474627538283437e-05
9.049999999999569,48.677682762740176,-2.832764639709766,-12.725572891001574,5.472532854289064,-0.30006630154043684,-1.8744873235172963,5.792439758221089,-3.1384615642512017,-0.0008246836854889488,0.00020371723187452437,6.783318160832735,-3.1385201877134774,-0.7663231555701172,6.528785577807026e-05,-0.004987253946409429,0.00011830727893811497,7.142837556076377,-3.1385179511018615,0.0,0.0,0.0,-1.4752069203444506e-05,0.0,0.0,-1.4752192577814256e-05
9.09999999999963,48.95132135021669,-2.847768666884029,-12.819206450244385,5.472957574824729,-0.30009153743142375,-1.8708999130916735,5.791682487108195,-3.1384818954254854,-0.0004066234856738343,-3.1428031380479274e-05,6.7455840432729515,-3.1384940219717263,-0.742199812963957,0.000396279969990304,-0.004594092148474545,-0.00011698290772562776,7.105366051371765,-3.138493169612729,0.0,0.0,0.0,-1.4757759737093767e-05,0.0,0.0,-1.4757867933916447e-05
9.149999999999691,49.22497389131348,-2.8627735097495575,-12.912662291379462,5.473096200588854,-0.30009926148933264,-1.8673835061923696,5.790678953874571,-3.1384831789179843,-2.5669849977505813e-05,-0.000244778628835397,6.709214736606519,-3.138453101215218,-0.7119005220130877,0.0006934208543004663,-0.004219790036167607,-0.0003304652197739817,7.0693139889183065,-3.1384535109622282,0.0,0.0,0.0,-1.4763164587206957e-05,0.0,0.0,-1.4763258630637611e-05
9.199999999999752,49.498626454140854,-2.8777783174620932,-13.005944791570336,5.472963843651732,-0.3000904714534812,-1.863970379531566,5.789453609862277,-3.138467181600786,0.0003199463439636294,-0.0004375686609866931,6.674502479728112,-3.1383990322285746,-0.6760845110164363,0.0009593417186250349,-0.0038639648488154187,-0.0005233741908160502,7.034967242692741,-3.1384005875466983,0.0,0.0,0.0,-1.4768246105244687e-05,0.0,0.0,-1.4768327205764616e-05
9.249999999999813,49.77226591284926,-2.892782291625786,-13.099059867719589,5.472577565114195,-0.3000662637920143,-1.8606898500273732,5.788031762771538,-3.138435580328829,0.0006320254391400699,-0.0006109823414268517,6.641706087428062,-3.1383332871038783,-0.63542809088228,0.0011967654570685484,-0.0035261327994527024,-0.0006968946667179709,7.002578148789643,-3.138335877376509,0.0,0.0,0.0,-1.477297212598842e-05,0.0,0.0,-1.4773041554211499e-05
