update,ended,ground,cross_track,vertical,nonfinite,completed,time_limit
1,347,0,103,244,0,0,0
2,395,0,138,257,0,0,0
3,381,0,166,215,0,0,0
4,365,0,192,173,0,0,0
5,358,0,181,179,0,0,0
6,340,0,184,157,0,0,0
7,351,0,176,176,0,0,0
8,332,0,179,153,0,0,0
9,318,0,203,116,0,0,0
10,287,0,167,120,0,0,0
11,292,0,168,126,0,0,0
12,299,0,207,92,0,0,0
13,299,0,192,108,0,0,0
14,328,0,243,86,0,0,0
15,333,0,264,69,0,0,0
16,359,0,301,58,0,0,0
17,390,0,345,45,0,0,0
18,439,0,424,15,0,0,0
19,483,0,477,6,0,0,0
20,492,0,490,2,0,0,0
21,542,0,542,0,0,0,0
22,539,0,539,0,0,0,0
23,518,0,518,0,0,0,0
24,511,0,511,0,0,0,0
25,513,0,513,0,0,0,0
26,494,0,494,0,0,0,0
27,504,0,504,0,0,0,0
28,473,0,473,0,0,0,0
29,485,0,485,0,0,0,0
30,428,0,428,0,0,0,0
31,423,0,423,0,0,0,0
32,385,0,385,0,0,0,0
33,361,0,361,0,0,0,0
34,350,0,350,0,0,0,0
35,365,0,365,0,0,0,0
36,347,0,347,0,0,0,0
37,345,0,344,0,0,1,0
38,305,0,305,0,0,0,0
39,286,0,285,0,0,1,0
40,251,0,251,0,0,0,0
41,229,0,227,0,0,2,0
42,216,0,213,0,0,3,0
43,207,0,202,0,0,5,0
44,184,0,178,1,0,5,0
45,175,0,167,0,0,8,0
46,211,0,198,1,0,12,0
47,188,0,179,0,0,9,0
48,258,0,257,0,0,1,0
49,230,0,229,0,0,1,0
50,187,0,177,0,0,10,0
51,186,0,170,0,0,16,0
52,167,0,142,1,0,24,0
53,154,0,113,3,0,38,0
54,160,0,120,0,0,40,0
55,170,0,115,1,0,54,0
56,165,0,103,4,0,58,0
57,164,0,86,0,0,78,0
58,156,0,56,0,0,100,0
59,165,0,78,4,0,83,0
60,160,0,70,2,0,88,0
61,161,0,69,2,0,90,0
62,173,0,37,2,0,134,0
63,164,0,48,1,0,115,0
64,161,0,29,2,0,130,0
65,176,0,29,1,0,146,0
66,162,0,20,1,0,141,0
67,180,0,13,2,0,165,0
68,167,0,8,0,0,159,0
69,171,0,11,0,0,160,0
70,171,0,12,0,0,159,0
71,178,0,13,2,0,163,0
72,164,0,9,0,0,155,0
73,174,0,7,1,0,166,0
74,176,0,9,1,0,166,0
75,164,0,7,0,0,157,0
76,178,0,10,0,0,168,0
77,167,0,5,0,0,162,0
78,174,0,11,1,0,162,0
79,174,0,4,0,0,170,0
80,172,0,2,0,0,170,0
81,170,0,8,0,0,162,0
82,173,0,4,0,0,169,0
83,174,0,3,0,0,171,0
84,173,0,0,0,0,173,0
85,180,0,3,1,0,176,0
86,169,0,0,0,0,169,0
87,170,0,0,0,0,170,0
88,179,0,1,0,0,178,0
89,173,0,0,2,0,171,0
90,170,0,0,0,0,170,0
91,183,0,0,2,0,181,0
92,173,0,1,1,0,171,0
93,171,0,0,0,0,171,0
94,172,0,13,0,0,159,0
95,170,0,17,1,0,152,0
96,173,0,10,1,0,162,0
97,176,0,0,0,0,176,0
98,169,0,0,0,0,169,0
99,183,0,1,2,0,180,0
100,172,0,1,0,0,171,0
101,128,0,0,0,0,128,0
102,127,0,58,0,0,69,0
103,123,0,37,0,0,86,0
104,111,0,29,0,0,82,0
105,113,0,33,0,0,80,0
106,101,0,20,0,0,81,0
107,109,0,21,0,0,88,0
108,110,0,13,1,0,96,0
109,113,0,25,0,0,88,0
110,119,0,15,0,0,104,0
111,124,0,11,0,0,113,0
112,122,0,8,2,0,112,0
113,116,0,4,0,0,112,0
114,119,0,3,0,0,116,0
115,113,0,0,1,0,112,0
116,115,0,1,0,0,114,0
117,105,0,1,2,0,102,0
118,112,0,3,1,0,108,0
119,115,0,0,0,0,115,0
120,121,0,2,0,0,119,0
121,122,0,3,0,0,119,0
122,121,0,0,1,0,120,0
123,122,0,1,0,0,121,0
124,117,0,1,2,0,114,0
125,118,0,0,1,0,117,0
126,112,0,0,0,0,112,0
127,72,0,42,5,0,25,0
128,88,0,54,4,0,30,0
129,111,0,71,6,0,34,0
130,67,0,47,2,0,18,0
131,83,0,44,7,0,33,0
132,105,0,41,8,0,56,0
133,77,0,41,1,0,35,0
134,81,0,40,1,0,40,0
135,105,0,36,11,0,58,0
136,79,0,30,11,0,38,0
137,78,0,34,7,0,37,0
138,98,0,36,9,0,53,0
139,93,0,30,12,0,51,0
140,72,0,25,9,0,38,0
141,92,0,28,11,0,53,0
142,95,0,39,8,0,48,0
143,74,0,21,11,0,42,0
144,96,0,32,11,0,53,0
145,89,0,36,7,0,46,0
146,81,0,26,6,0,49,0
147,81,0,32,10,0,40,0
148,95,0,33,13,0,49,0
149,87,0,29,14,0,44,0
150,80,0,30,6,0,44,0
151,90,0,29,12,0,50,0
152,86,0,21,9,0,56,0
153,80,0,13,9,0,58,0
154,87,0,27,4,0,56,0
155,83,0,15,8,0,60,0
156,83,0,20,6,0,57,0
157,93,0,20,4,0,69,0
158,79,0,9,5,0,65,0
159,81,0,10,5,0,66,0
160,86,0,8,7,0,71,0
161,83,0,20,2,0,61,0
162,85,0,15,8,0,62,0
163,90,0,16,6,0,68,0
164,79,0,16,3,0,60,0
165,87,0,9,2,0,76,0
166,87,0,17,3,0,67,0
167,77,0,18,1,0,58,0
168,87,0,14,2,0,71,0
169,91,0,17,2,0,73,0
170,76,0,13,4,0,59,0
171,83,0,14,3,0,66,0
172,95,0,5,4,0,86,0
173,77,0,11,1,0,65,0
174,85,0,12,1,0,72,0
175,88,0,16,3,0,69,0
176,79,0,10,1,0,68,0
177,88,0,7,1,0,80,0
178,88,0,4,1,0,83,0
179,78,0,7,2,0,69,0
180,85,0,12,0,0,73,0
181,89,0,5,0,0,84,0
182,77,0,6,0,0,71,0
183,85,0,6,0,0,79,0
184,92,0,4,0,0,88,0
185,75,0,3,1,0,71,0
186,88,0,7,1,0,80,0
187,94,0,3,1,0,90,0
188,73,0,6,0,0,67,0
189,89,0,5,0,0,84,0
190,92,0,4,0,0,88,0
191,76,0,3,0,0,73,0
192,85,0,3,0,0,82,0
193,93,0,3,1,0,89,0
