update,steps,reward,cross_track_m,altitude_error_m,alpha_outside_fraction,ended_episodes,mean_finished_return,policy_loss,value_loss,entropy,approx_kl,difficulty,steps_per_second
1,131072,-0.10569031536579132,12.780993,4.8633976,0.003768921,347,-38.76845900126081,-0.00020468999,68.29905,-0.24234273,0.002105955,0.0,421.4145661126263
2,262144,-0.11716507375240326,13.685677,5.37111,0.0031204224,395,-38.009375,-0.0008973031,61.96918,-0.23908773,0.002719181,0.0,436.4106603629468
3,393216,-0.10813140124082565,13.246277,5.667341,0.0030059814,381,-37.242674499671914,-3.30588e-05,49.871933,-0.23393248,0.0024928488,0.0,432.56914399346346
4,524288,-0.0966714471578598,13.571739,5.562896,0.002861023,365,-35.14972977311644,-0.0001330389,40.7527,-0.23543853,0.002326553,0.0,433.09674554806935
5,655360,-0.10033893585205078,13.500029,5.735101,0.0027923584,358,-36.987348332751395,-0.0002891525,39.615047,-0.23335826,0.0023329519,0.0,436.29340515650307
6,786432,-0.09769490361213684,13.309604,6.0444746,0.0026168823,340,-36.47288602941177,-1.0651071e-05,34.91155,-0.23210593,0.0025616502,0.0,375.8782900069329
7,917504,-0.10009685903787613,13.521742,5.8105187,0.0027542114,351,-38.28625801282051,-0.00038097642,32.901276,-0.23216048,0.0021237638,0.0,431.3076314937086
8,1048576,-0.0955982357263565,12.889692,6.037923,0.0025939941,332,-37.14974350527108,1.5335714e-05,28.509281,-0.23498757,0.0020299626,0.0,436.80907108423
9,1179648,-0.08936889469623566,13.080955,6.20798,0.0025024414,318,-36.27123255699686,-0.00043884394,21.56419,-0.23486717,0.0019598976,0.0,433.15374051414136
10,1310720,-0.09407192468643188,13.04723,6.713569,0.0021972656,287,-42.727787456445995,-0.00033634563,22.238459,-0.23432022,0.0018380961,0.0,434.70705822433865
11,1441792,-0.09616193920373917,12.953137,6.9216423,0.0022659302,292,-43.998842840325345,-0.00016460061,21.080566,-0.23860759,0.0026998636,0.0,437.0674138361633
12,1572864,-0.08787759393453598,13.234749,6.561398,0.002319336,299,-38.260804243311036,-0.00019416398,15.685135,-0.24158043,0.0021392927,0.0,434.39203842185225
13,1703936,-0.08831766247749329,13.109147,6.4654827,0.0022888184,299,-38.44759876672241,-0.00049990194,14.806125,-0.24019425,0.0022581958,0.0,433.1106530591252
14,1835008,-0.08478498458862305,13.2111025,6.2058434,0.002532959,328,-34.4975556164253,-0.0005141803,11.627435,-0.23988026,0.0018555102,0.0,433.24251522608284
15,1966080,-0.07659950107336044,13.443843,5.8334103,0.0025558472,333,-29.960063579204203,-0.00083719235,8.761747,-0.24307275,0.0023985426,0.0,435.30473794835996
16,2097152,-0.07091651856899261,13.177034,5.4812646,0.002822876,359,-26.695179208739553,-0.0011990942,7.139117,-0.24275418,0.002337243,0.0,432.87276401700854
17,2228224,-0.06413321942090988,13.2015295,4.978605,0.0030288696,390,-21.994601362179488,-0.0011609269,5.3303375,-0.24346739,0.0026491962,0.0,433.7508752299214
18,2359296,-0.05878882482647896,13.198755,4.6838484,0.0034332275,439,-17.77409706897779,-0.0012343051,3.3154316,-0.2447263,0.0031203502,0.0,431.7557770052254
19,2490368,-0.044747769832611084,12.572694,3.700244,0.0037841797,483,-12.591605808423912,-0.0022718632,1.6044875,-0.24967001,0.0028500617,0.0,428.8328188903109
20,2621440,-0.04224535822868347,12.536047,3.5794802,0.0038986206,492,-11.174925765370935,-0.0012431846,0.9785026,-0.25872055,0.0038067447,0.0,430.02419594675416
21,2752512,-0.03942951560020447,12.827277,3.129901,0.004432678,542,-9.642922264183579,-0.000736936,0.3116873,-0.2700929,0.0036936176,0.0,431.17028921186943
22,2883584,-0.03719792887568474,12.672614,3.1185083,0.0043792725,539,-9.133640494550093,-0.00076911214,0.19492625,-0.28690934,0.0045257574,0.0,431.06462631026665
23,3014656,-0.03618733584880829,12.378676,3.1492574,0.0041275024,518,-9.177241380610521,-0.001788317,0.14045951,-0.29664907,0.004445941,0.0,431.9468542425286
24,3145728,-0.03452373296022415,12.345095,3.0918958,0.0043029785,511,-8.913435665362035,-0.0013709941,0.096511096,-0.31368005,0.005552219,0.0,431.1783188992342
25,3276800,-0.03181952238082886,12.423387,3.0111566,0.0043182373,513,-8.309625517787524,-0.00267893,0.071568675,-0.33650422,0.0065626055,0.0,428.91684637818355
26,3407872,-0.026673613116145134,12.366702,2.7930827,0.0041122437,494,-7.09913097798583,-0.0017680003,0.080405205,-0.35543615,0.006228472,0.0,434.09460550058674
27,3538944,-0.02695339545607567,12.18775,2.7400725,0.004257202,504,-7.145258343408978,-0.0032247924,0.20391619,-0.36820245,0.005533261,0.0,433.9465968751473
28,3670016,-0.025650715455412865,11.877948,2.7462094,0.004005432,473,-7.117145175409619,-0.003467376,0.12006704,-0.38588554,0.0054001147,0.0,432.73159328117475
29,3801088,-0.023997658863663673,11.595852,2.6881917,0.004333496,485,-6.651668210373711,-0.0033333418,0.10679363,-0.41084597,0.0059379423,0.0,435.6050761971604
30,3932160,-0.016154222190380096,10.947102,2.5835185,0.0037765503,428,-5.347558137412383,-0.0034048494,0.23242134,-0.42774355,0.005057273,0.0,436.29257436814396
31,4063232,-0.01687988080084324,11.024224,2.5717804,0.0038909912,423,-5.128215961140662,-0.0017969388,0.32668132,-0.4393785,0.006833122,0.0,437.61582772943365
32,4194304,-0.015470318496227264,10.51465,2.5912516,0.003616333,385,-5.355014711850649,-0.003297972,0.40707794,-0.451573,0.004881537,0.0,438.8478188299467
33,4325376,-0.007936771959066391,10.191987,2.4622037,0.0033340454,361,-3.748941606431787,-0.0014698815,0.83314794,-0.45949015,0.0043145423,0.0,439.41657351784664
34,4456448,-0.0052690706215798855,10.399378,2.3689048,0.0033569336,350,-1.7663841029575893,0.0004970461,0.8637309,-0.47187158,0.006834531,0.0,438.3996207005193
35,4587520,-0.0027561085298657417,10.283008,2.2260401,0.0041046143,365,-1.3286644504494862,-0.001705644,0.69474447,-0.4846529,0.005186838,0.0,440.38160014323984
36,4718592,-0.002437083050608635,10.505712,2.2075896,0.0044021606,347,-0.9953178823509546,-0.0021670677,0.8613786,-0.5017543,0.004877231,0.0,440.98399537134236
37,4849664,0.004262957721948624,9.9630165,2.0097332,0.0044021606,345,1.1640375551970108,-0.0009161314,0.85333407,-0.51200294,0.005318019,0.0,441.8058651223684
38,4980736,0.013172085396945477,9.843579,1.7149724,0.0039901733,305,4.28982934170082,-0.00059633947,1.1833358,-0.5232183,0.005410319,0.0,442.66386190937874
39,5111808,0.015358110889792442,9.739173,1.6900109,0.0039596558,286,7.372008850524476,-0.00035034757,1.6909623,-0.5392604,0.0053984215,0.0,443.19935587620466
40,5242880,0.02202269248664379,9.602808,1.5066117,0.0034637451,251,10.574479426045817,-0.00061295554,2.0792558,-0.5502438,0.005012652,0.0,446.1691054178338
41,5373952,0.02758811227977276,9.437277,1.3378154,0.0034866333,229,14.404900296806769,1.1565862e-06,2.6223686,-0.55768114,0.004613192,0.0,447.09146688558445
42,5505024,0.02624022215604782,9.080488,1.3685218,0.0037155151,216,16.293327048972802,-0.0014644465,2.8826938,-0.5676488,0.0033963025,0.0,447.8828543420697
43,5636096,0.031023826450109482,9.117276,1.2993387,0.0035095215,207,18.976482299214975,0.0012301923,3.0978012,-0.57431924,0.0063039176,0.0,448.02946766922264
44,5767168,0.03136272728443146,9.075176,1.2297313,0.003967285,184,21.107056990913723,-0.0010854588,4.165666,-0.5765166,0.002884557,0.0,448.48116547664847
45,5898240,0.0328846201300621,8.987321,1.2438596,0.0040664673,175,23.60427455357143,0.016266089,4.189306,-0.5784978,0.026477523,0.0,450.08377803271844
46,6029312,0.03459574654698372,8.399275,1.2235733,0.0046157837,211,22.86171689869668,-0.0010392728,4.5865116,-0.58224106,0.0037271115,0.0,449.2560863477796
47,6160384,0.03697328269481659,8.275473,1.1462195,0.0039901733,188,25.532951192652927,0.0004195945,3.8424635,-0.58635753,0.005311221,0.0,450.6666104951442
48,6291456,0.032064855098724365,9.5781765,1.1808294,0.0044937134,258,18.673777025799417,-0.0025760215,2.8918316,-0.5913438,0.0052527003,0.0,450.6002496667871
49,6422528,0.03867177665233612,8.640005,1.0656983,0.004081726,230,19.829783033288045,-0.002792339,2.3622315,-0.5936621,0.005695353,0.0,451.05572743360943
50,6553600,0.03887126222252846,8.368911,1.0985192,0.0034484863,187,24.77203271223262,0.002642932,2.974287,-0.5958894,0.008180968,0.0,449.2005144799075
51,6684672,0.038505669683218,8.263747,1.1119759,0.005088806,186,27.619539650537636,-0.0018185559,3.8589926,-0.59894645,0.0034948909,0.0,449.5514621835488
52,6815744,0.03731169551610947,8.603001,1.226051,0.0060653687,167,28.618386274326348,0.00088860444,4.0705566,-0.6014086,0.0060054366,0.0,448.0926204569425
53,6946816,0.03862414509057999,8.430868,1.2329078,0.0076293945,154,28.816770875608768,-0.0006330028,4.4016924,-0.6078913,0.0021989567,0.0,448.66908402312583
54,7077888,0.04151783138513565,8.062561,1.1414483,0.005256653,160,34.125128173828124,-0.0011825077,3.5832238,-0.6141887,0.0028418251,0.0,450.27780052168544
55,7208960,0.03998412936925888,8.504045,1.3126346,0.008903503,170,33.049169921875,-0.0007710173,4.309083,-0.61957014,0.0029857862,0.0,448.5127634197413
56,7340032,0.04024626314640045,8.680826,1.2534732,0.010810852,165,32.48375946969697,0.0004415734,4.3788767,-0.6246191,0.005341426,0.0,448.5832928923344
57,7471104,0.05044352263212204,7.19348,1.0572245,0.0066604614,164,40.05266589653201,0.00015194484,3.795793,-0.62983704,0.0047346614,0.0,450.87730657585286
58,7602176,0.056874096393585205,6.4705434,0.9976836,0.0064315796,156,45.152271759815704,-0.0006868319,4.499648,-0.6352156,0.0024801553,0.0,450.5559768096667
59,7733248,0.049110740423202515,7.1426725,1.08499,0.008613586,165,41.176411576704545,0.019984266,4.811061,-0.636648,0.045183193,0.0,449.23021078317834
60,7864320,0.05206727609038353,7.222489,1.0657843,0.005569458,160,41.59070739746094,-0.00094799366,3.788217,-0.63760316,0.002855192,0.0,451.49023723256244
61,7995392,0.049585796892642975,7.9496007,1.1426517,0.010169983,161,40.25655995244565,-0.00083771744,4.6356964,-0.6439828,0.002891297,0.0,453.7711758984095
62,8126464,0.06064393371343613,6.7916207,0.9480516,0.007461548,173,47.39233539559248,0.007226263,4.4296584,-0.6504696,0.018196955,0.0,452.0047707244926
63,8257536,0.05573267117142677,7.84695,1.0428909,0.010826111,164,45.0848418445122,-0.0008404838,4.1171184,-0.6545831,0.0031752891,0.0,451.86196964529586
64,8388608,0.060647908598184586,7.509424,0.89848477,0.008087158,161,46.28945676436335,-0.0009085976,3.7434182,-0.65698755,0.0028383485,0.0,452.12352561096566
65,8519680,0.0639985129237175,6.1441875,0.92472756,0.007751465,176,49.51346657492898,-0.00030448285,4.1107397,-0.6610856,0.0039575393,0.0,454.3221769799166
66,8650752,0.0639529675245285,6.5269156,0.87872654,0.008308411,162,51.172580295138886,-0.0006521413,3.533075,-0.6666913,0.0035094675,0.0,452.500600899033
67,8781824,0.07022345066070557,5.262202,0.83629215,0.0065460205,180,51.399169921875,-0.00038675516,3.5922265,-0.6695526,0.0037356026,0.0,453.4444691002864
68,8912896,0.07042678445577621,4.931993,0.8194683,0.0042037964,167,55.304266467065865,0.0027188375,2.567328,-0.67380774,0.009328442,0.0,453.55679291626745
69,9043968,0.07027497887611389,4.543317,0.89934534,0.0053100586,171,53.50374634502924,0.0024785064,2.7613437,-0.67885196,0.008701928,0.0,453.58779941579263
70,9175040,0.06938576698303223,4.9403768,0.92247224,0.006324768,171,52.798713907163744,0.0015758959,2.7659032,-0.6826472,0.006718187,0.0,453.0022644282757
71,9306112,0.07254155725240707,3.824966,0.85640347,0.0070724487,178,54.11175057057584,5.928529e-05,4.068228,-0.6896763,0.0068214135,0.0,454.6772192619943
72,9437184,0.07230838388204575,3.6786327,0.93797225,0.0039901733,164,55.63296732088415,-0.00068183773,3.06376,-0.69614255,0.0041710245,0.0,454.79212231996485
73,9568256,0.07201191037893295,3.9816716,0.96022403,0.006134033,174,55.411974676724135,-0.00075609924,2.8943062,-0.70299137,0.004356661,0.0,452.862033965305
74,9699328,0.07309053838253021,3.5411947,1.0661006,0.004966736,176,54.40280428799716,0.006541327,2.144431,-0.70591664,0.015047626,0.0,451.79205858870887
75,9830400,0.06207791343331337,8.350423,1.1515489,0.006263733,164,51.355421112804876,0.012608612,1.6099205,-0.71155,0.031994443,0.0,453.46600086788834
76,9961472,0.0626944750547409,9.17602,1.1685121,0.006690979,178,47.226836815308985,0.008993262,1.4199804,-0.7236166,0.0215087,0.0,453.48056631894025
77,10092544,0.06364643573760986,9.372231,1.0495236,0.006462097,167,49.12864310441617,0.0023446642,1.398972,-0.7359457,0.009651001,0.0,453.5696923861865
78,10223616,0.06731341779232025,6.892757,0.972462,0.005241394,174,48.792340158045974,0.001462682,2.0852244,-0.7538674,0.008415636,0.0,454.8189376885867
79,10354688,0.06775237619876862,6.249121,1.0320071,0.008331299,174,51.914382408405174,0.0013981591,3.1209898,-0.7658233,0.0077462215,0.0,455.31201693940926
80,10485760,0.06621664762496948,7.1775575,1.0131431,0.006591797,172,51.41409088844477,0.0116698155,1.8689411,-0.7714498,0.027006898,0.0,454.37871503485707
81,10616832,0.07109107077121735,4.828277,0.9588871,0.0047454834,170,52.63101447610294,0.009356391,2.1142957,-0.7811954,0.020184133,0.0,455.41228876507716
82,10747904,0.073290154337883,3.910828,0.99615186,0.004486084,173,55.66328350794798,-0.000121922756,2.3030367,-0.79291,0.0039612213,0.0,457.19530477774657
83,10878976,0.07457850128412247,3.6724977,0.90815824,0.0046920776,174,56.16549928160919,0.006155752,1.8950121,-0.8011176,0.012752041,0.0,458.2794950064935
84,11010048,0.07658146321773529,3.3408895,0.8617412,0.004463196,173,57.69197073699422,0.00059316296,1.4947078,-0.8111336,0.005199963,0.0,454.70704493185724
85,11141120,0.0769176334142685,3.2529511,0.8394945,0.0048294067,180,57.265711805555554,-0.00084656326,1.8672408,-0.8156595,0.0027301195,0.0,458.12499950564813
86,11272192,0.07806137204170227,2.7461543,0.82666785,0.004814148,169,59.019808616863905,0.015676903,1.4128683,-0.80946106,0.030168787,0.0,458.25092907417576
87,11403264,0.07973030209541321,2.631625,0.72253615,0.004623413,170,60.00789292279412,-0.0004567344,1.3943646,-0.81411356,0.003451928,0.0,456.7763000979508
88,11534336,0.08048141002655029,2.4117596,0.7252365,0.0051727295,179,60.47197974860335,0.061139096,1.9028244,-0.80648696,0.1470126,0.0,457.30236455848586
89,11665408,0.07974961400032043,2.497144,0.6777611,0.006187439,173,59.6040236632948,-0.0006237087,2.4698887,-0.8026258,0.0043258397,0.0,455.7780524202388
90,11796480,0.07966051995754242,2.4459229,0.6440659,0.004623413,170,60.823483455882354,0.0003975178,4.199633,-0.80730045,0.0051405514,0.0,455.32880282201137
91,11927552,0.07755982875823975,3.2018814,0.62362164,0.006210327,183,58.02187393271858,0.012641467,2.0054278,-0.80937606,0.031612672,0.0,457.75243255877405
92,12058624,0.07980958372354507,2.5988152,0.60481185,0.004760742,173,59.32889270231214,-0.0016937129,1.325998,-0.8092523,0.003673387,0.0,456.90887398419557
93,12189696,0.08339205384254456,1.9897156,0.53467745,0.0034484863,171,61.987396061769005,0.038925163,1.1748649,-0.81364924,0.07186809,0.0,457.3886351732285
94,12320768,0.06693398952484131,5.967575,0.69577676,0.00365448,172,56.19273482921512,-0.0018698967,1.9488318,-0.81184316,0.0043875934,0.0,458.00015420158053
95,12451840,0.06375077366828918,6.4831953,0.7613045,0.0052948,170,49.342095588235296,0.0017899049,2.2471104,-0.82253873,0.008693026,0.0,458.4552817853707
96,12582912,0.06888796389102936,5.330447,0.69142497,0.004966736,173,50.83021360187861,0.022497311,0.9715649,-0.8192308,0.046359144,0.0,458.16686037141983
97,12713984,0.07682827860116959,3.5251858,0.63213813,0.0040512085,176,56.32027365944602,-0.00019262574,0.56812984,-0.8309607,0.0062354645,0.0,458.263399735968
98,12845056,0.08128273487091064,2.342907,0.5578597,0.004257202,169,60.185714450813606,0.016863424,1.0474812,-0.8407051,0.026491558,0.0,257.76830206717227
99,12976128,0.0814957320690155,1.9695084,0.6349921,0.0065231323,183,61.16070589993169,-0.0004336148,2.3775659,-0.8425689,0.0055633457,0.0,395.3935433022907
100,13107200,0.08179882168769836,1.9303917,0.6770595,0.0043258667,172,61.291418740915695,0.00064826803,1.4344589,-0.8535293,0.005369186,0.0,443.8556501287041
101,13238272,0.07830089330673218,1.9153166,0.5615105,0.0025634766,128,62.68039321899414,0.031851962,0.95099103,-0.8571239,0.050348207,0.1,207.35747497383406
102,13369344,0.055367790162563324,4.657782,0.97745186,0.0026168823,127,66.10478438730316,0.00051875296,8.938292,-0.8642276,0.0032351203,0.1,314.45569599719795
103,13500416,0.05953063815832138,4.1141534,0.9229096,0.0024795532,123,70.0302734375,0.0008844356,7.771413,-0.8706421,0.005303524,0.1,458.68608617230086
104,13631488,0.05854932591319084,4.183669,1.0049028,0.002822876,111,68.771484375,0.0014790217,7.252324,-0.8786275,0.00593834,0.1,460.05343839043144
105,13762560,0.06231733039021492,3.4797275,0.9163455,0.0040512085,113,69.75362970132744,0.003223447,5.5539365,-0.89324456,0.0096436525,0.1,453.73157172757857
106,13893632,0.06479956954717636,3.1069117,0.8575769,0.0025024414,101,73.66286838644803,0.00036162627,4.495518,-0.9082782,0.0060425773,0.1,205.3819209522849
107,14024704,0.0680803656578064,2.7141776,0.7557082,0.003112793,109,76.04682124426606,0.029201945,2.9162512,-0.9009181,0.08654839,0.1,342.87058544481505
108,14155776,0.06680430471897125,2.784563,0.86616284,0.0054397583,110,77.35381747159092,0.0015564922,4.7603016,-0.8994659,0.008227327,0.1,455.8384603915192
109,14286848,0.06278018653392792,3.0585225,1.0093663,0.005180359,113,72.53549329369469,0.00016600979,6.7638397,-0.9035212,0.0047375895,0.1,460.247729773006
110,14417920,0.06847710907459259,2.5155516,0.9029096,0.0050811768,119,78.04090073529412,0.0020643487,5.543949,-0.9039668,0.008090101,0.1,459.9812350875009
111,14548992,0.07002126425504684,2.2679029,0.92908555,0.006378174,124,79.3405525453629,0.0031149825,5.6615105,-0.90208244,0.012049052,0.1,207.70984866489349
112,14680064,0.07091697305440903,2.120435,0.88407874,0.0056152344,122,81.23230981045081,-0.0011296907,4.6389427,-0.905367,0.0028947871,0.1,277.3433518405932
113,14811136,0.07358796894550323,1.8955882,0.80975926,0.0037078857,116,82.23534314385776,0.00728685,3.640838,-0.9132118,0.023190672,0.1,461.78052993426985
114,14942208,0.07573859393596649,1.7314271,0.7744347,0.004547119,119,84.59095982142857,-0.0011514791,1.95048,-0.9191878,0.0031033773,0.1,463.32632127804425
115,15073280,0.07601720094680786,1.5606836,0.83142775,0.004196167,113,85.60149336283186,0.03120573,1.0369855,-0.9181278,0.06543778,0.1,462.23279688157004
116,15204352,0.07576819509267807,1.530676,0.86562306,0.0068206787,115,85.95326086956521,-0.00078780286,3.464037,-0.9138337,0.0048132213,0.1,207.98839073247896
117,15335424,0.07339141517877579,1.6819086,0.8707461,0.0069351196,105,84.88139880952382,-0.0010713676,2.2374415,-0.91254145,0.0028575757,0.1,274.8090345934704
118,15466496,0.07494558393955231,1.6973077,0.8133081,0.005836487,112,81.94669015066964,-0.0013028961,0.8843616,-0.9176444,0.003102985,0.1,461.4273006580651
119,15597568,0.07740913331508636,1.3652142,0.82937896,0.0054016113,115,86.24735903532608,-0.0020169811,2.0296776,-0.9229837,0.003948372,0.1,463.003810372269
120,15728640,0.07477754354476929,1.633512,0.9201591,0.0064849854,121,87.43993737086777,-0.00088766916,1.9301009,-0.91927814,0.0036096564,0.1,461.1877273677929
121,15859712,0.07699517905712128,1.4002771,0.872051,0.006263733,122,84.77584688780738,-0.0003821731,1.611319,-0.9201746,0.005248366,0.1,207.92442112301657
122,15990784,0.07694429159164429,1.5483373,0.82631004,0.0072631836,121,85.68486893078513,-0.0009235878,1.550761,-0.92259896,0.0047961716,0.1,254.66444210921046
123,16121856,0.07726915180683136,1.486807,0.83953726,0.0065460205,122,87.06723872950819,-0.00092659274,1.8520185,-0.92196995,0.004938072,0.1,460.91218891864054
124,16252928,0.07588161528110504,1.3993846,0.82791775,0.0051498413,117,84.73681223290598,-0.0011001055,2.2692094,-0.9245934,0.005109504,0.1,461.3892618199898
125,16384000,0.07831142097711563,1.2292721,0.73344654,0.0031738281,118,87.6377697960805,-0.001195201,1.3419585,-0.9244634,0.0051162033,0.1,463.308532852489
126,16515072,0.07614082843065262,1.3962678,0.6967098,0.0038452148,112,89.72325788225446,0.0022702066,1.8647279,-0.9248587,0.013183234,0.2,206.84743959208328
127,16646144,0.0447804257273674,3.6044042,1.5402759,0.0021362305,72,54.02703518337674,0.00037712496,14.142735,-0.93607247,0.0045913607,0.2,348.21058629162025
128,16777216,0.04458731412887573,3.780273,1.5835183,0.0032424927,88,61.95572176846591,0.0031316783,9.639586,-0.9522768,0.012073011,0.2,460.0255049786274
129,16908288,0.037205688655376434,4.632613,1.792801,0.0041122437,111,63.79991026182432,0.00067748834,12.839038,-0.9662143,0.004599077,0.2,460.10688461807615
130,17039360,0.042289141565561295,3.9782147,1.601419,0.005012512,67,56.206601270988806,-0.00023398882,11.544462,-0.9737994,0.003065052,0.2,464.2626121521218
131,17170432,0.04738116264343262,3.447831,1.4796392,0.0031356812,83,65.60672769201807,-0.00063053984,8.347456,-0.97788167,0.0025478988,0.2,207.8003584860678
132,17301504,0.04776521027088165,3.4434495,1.548113,0.004348755,105,75.85616629464286,-0.00067828107,8.261872,-0.98559743,0.0031494605,0.2,340.38242831653065
133,17432576,0.0472240075469017,3.3754828,1.6219034,0.006500244,77,69.17115209009741,-0.0005532046,10.188518,-0.9952413,0.0032592576,0.2,463.4253345021234
134,17563648,0.04715743660926819,3.6698399,1.5466377,0.0043182373,81,70.50650438850309,-0.00070513133,7.731975,-1.0008271,0.0034879039,0.2,464.1265627467377
135,17694720,0.043995633721351624,3.5395634,1.6364598,0.008255005,105,68.84510323660714,-0.00038192002,8.644974,-1.0086796,0.0035016853,0.2,461.8246292623202
136,17825792,0.04215233027935028,3.8125887,1.6249692,0.009460449,79,62.68466302412975,-6.468891e-05,12.891943,-1.0216799,0.0048423125,0.2,207.68206646491245
137,17956864,0.04357869178056717,3.6018877,1.6118035,0.0058898926,78,63.23471304086539,7.370081e-05,9.613293,-1.032117,0.0044377246,0.2,282.8733281279093
138,18087936,0.04421227052807808,3.6497614,1.5651731,0.0069503784,98,68.32250478316327,-0.0009351771,9.405416,-1.0392034,0.003685594,0.2,464.7858053114319
139,18219008,0.045329749584198,3.4263353,1.5775341,0.004310608,93,66.07971585181451,6.5206536e-05,8.352028,-1.0479015,0.004655145,0.2,464.07384122021244
140,18350080,0.04911179840564728,2.9836435,1.363431,0.0037841797,72,70.54296875,0.00840344,6.6819973,-1.0536593,0.019407514,0.2,466.296840960156
141,18481152,0.04745303839445114,3.3582945,1.4634266,0.0053253174,92,72.23278277853261,-0.0005969807,7.818403,-1.0601239,0.0038896126,0.2,207.88272692759614
142,18612224,0.04190508648753166,3.920157,1.6873729,0.008888245,95,69.12230674342105,0.00036390257,8.936663,-1.0670283,0.0053642597,0.2,309.0969455861404
143,18743296,0.049631163477897644,3.1936896,1.3202153,0.0038452148,74,71.3469436233108,0.0046976344,7.7297688,-1.0734811,0.012606013,0.2,464.48185093979987
144,18874368,0.045621126890182495,3.4349592,1.5072334,0.0040130615,96,68.02091471354167,0.0013196217,6.9448967,-1.0862418,0.006540569,0.2,455.9120403708343
145,19005440,0.044281840324401855,3.7791176,1.5391742,0.0072784424,89,68.86448823735955,-0.0006581799,7.654725,-1.0972435,0.0037137,0.2,465.34519998459956
146,19136512,0.046671539545059204,3.775814,1.4212615,0.0049362183,81,73.47200520833333,0.0015796821,6.93957,-1.1077523,0.0063995207,0.2,208.64138235527298
147,19267584,0.042987555265426636,5.7543936,1.2859981,0.005302429,81,66.90934244791667,0.025999965,5.9926114,-1.1016103,0.04693441,0.2,282.55040282518416
148,19398656,0.03853388875722885,6.211097,1.5288502,0.008468628,95,62.00108963815789,0.001176969,8.165626,-1.1102107,0.006719636,0.2,464.908867522038
149,19529728,0.038107648491859436,5.997757,1.4988723,0.008338928,87,53.71599991020115,-0.00057389797,7.250758,-1.1225535,0.004617223,0.2,465.9385759555091
150,19660800,0.04284673184156418,5.170021,1.4374815,0.0069732666,80,65.04974365234375,0.0016991266,7.473711,-1.1313865,0.0076391716,0.2,465.4478581903104
151,19791872,0.04060880094766617,5.074104,1.5208613,0.01184845,90,63.67492404513889,-0.0010330348,9.499586,-1.1394261,0.0030118935,0.2,208.0607847478342
152,19922944,0.04720733314752579,4.7948356,1.2512155,0.006362915,86,73.14332757994185,0.016073436,6.3047457,-1.1351323,0.044202406,0.2,283.80648049466157
153,20054016,0.0500335618853569,4.4553056,1.1307806,0.0044555664,80,74.2140625,-0.00057670416,6.1955876,-1.1374149,0.0037845385,0.2,464.8789103505287
154,20185088,0.04710203409194946,4.9987288,1.2786002,0.005470276,87,73.89832525143679,-0.0007134737,5.8668566,-1.1402398,0.0033425684,0.2,455.60778954300963
155,20316160,0.047204241156578064,5.4356174,1.1893226,0.0068130493,83,74.32007718373494,0.0044790823,5.106658,-1.138766,0.011636164,0.2,466.75063140035894
156,20447232,0.049150507897138596,5.0628786,1.1591204,0.008094788,83,72.11762283509036,0.0013106836,6.101209,-1.1415367,0.0074848733,0.2,208.2814264646281
157,20578304,0.0522405207157135,4.9144206,1.0587484,0.0076828003,93,82.44028267809139,-0.0007651559,7.1358104,-1.1482232,0.0032314355,0.2,282.3019124946762
158,20709376,0.05269604176282883,5.478943,0.9984734,0.0049209595,79,82.58784735957279,-0.00039490178,5.89788,-1.1528984,0.0030172882,0.2,463.67636489685617
159,20840448,0.05320709943771362,5.25245,0.95433396,0.0065307617,81,81.08684172453704,0.0036923625,7.3699827,-1.1545472,0.011998955,0.2,461.7770376356414
160,20971520,0.05235472694039345,5.183919,1.0661829,0.00932312,86,83.40896393531976,0.011773011,5.6026583,-1.153094,0.034471296,0.2,466.0770319867119
161,21102592,0.05130019783973694,5.795859,1.070739,0.0076828003,83,80.521484375,-0.00054405053,4.761817,-1.1480097,0.003466366,0.2,208.89221380337932
162,21233664,0.05117451399564743,5.3200884,1.065567,0.0066986084,85,77.03990119485294,-0.00054774014,6.3561497,-1.1555545,0.0035154866,0.2,279.7648805287889
163,21364736,0.05045303702354431,5.6499,1.1438745,0.0058135986,90,78.17083875868056,0.0006147453,4.933554,-1.1592956,0.0065617566,0.2,465.345216748609
164,21495808,0.052643392235040665,5.928524,0.9852917,0.0049819946,79,83.70365654667721,-0.00016977476,3.6442246,-1.160557,0.005466984,0.2,467.0646674359182
165,21626880,0.05731013044714928,5.666225,0.853145,0.005569458,87,87.74782237787356,0.015242285,3.0177088,-1.1656191,0.036085248,0.2,465.8121489864404
166,21757952,0.054894834756851196,5.8206944,0.90732807,0.005142212,87,85.02365638469827,0.0003326892,4.290924,-1.17913,0.004456846,0.2,208.62027309715285
167,21889024,0.05475734919309616,6.1473985,0.86347705,0.0035476685,77,84.44568029626623,-0.0009152134,3.3955529,-1.1820613,0.0027020315,0.2,277.8007959682848
168,22020096,0.05491047725081444,5.5331864,0.9514601,0.0053100586,87,86.15360093390805,-0.00069600757,3.8721936,-1.1851407,0.002843868,0.2,464.180907141237
169,22151168,0.0551680251955986,6.101514,0.8698175,0.004173279,91,85.59845574347527,-0.00048152916,4.257183,-1.188822,0.0028676128,0.2,464.0022849173887
170,22282240,0.05332130193710327,6.1579595,0.9101183,0.0033950806,76,83.52510793585526,-0.00062294526,3.88129,-1.1900694,0.003746646,0.2,467.6195092020693
171,22413312,0.056591425091028214,5.90171,0.83277774,0.0049438477,83,85.9950054122741,-0.00037868257,3.8162112,-1.1961935,0.0038863078,0.2,209.06469985473322
172,22544384,0.0595133975148201,5.556739,0.82440925,0.00415802,95,91.25563322368421,-0.00042254577,3.7568204,-1.2036059,0.004264812,0.2,253.06001200108955
173,22675456,0.056340426206588745,6.474464,0.82864505,0.0051498413,77,88.46724076704545,0.00039737357,4.391378,-1.2125216,0.0055382363,0.2,468.2046264156432
174,22806528,0.058060191571712494,6.3998013,0.7280424,0.002960205,85,90.47719439338235,0.0013750046,2.5135152,-1.2195549,0.007269713,0.2,468.5741270822617
175,22937600,0.053376223891973495,6.4353375,0.82966197,0.004257202,88,84.2401455965909,0.0023389321,3.9692879,-1.2202008,0.009012082,0.2,465.22890503609017
176,23068672,0.05636690929532051,6.6776824,0.6825451,0.0042648315,79,88.49609993077532,0.009451033,2.241447,-1.2259754,0.022554094,0.2,210.47201283237513
177,23199744,0.05819026380777359,6.282465,0.65751576,0.0049438477,88,89.2599209872159,-0.0006412206,2.363185,-1.2358655,0.003928218,0.2,254.821142813837
178,23330816,0.059784967452287674,6.5109377,0.612427,0.0045547485,88,92.30035955255681,0.0023129699,1.2017107,-1.2459024,0.00866632,0.2,467.5045087257783
179,23461888,0.05707954242825508,6.23745,0.6434458,0.0034942627,78,88.77611678685898,-0.00026891677,2.2555678,-1.2556394,0.0041954955,0.2,468.64702402155484
180,23592960,0.0586269274353981,5.9062195,0.6309701,0.0041656494,85,89.45526194852941,0.0025909443,1.7616746,-1.2605052,0.009038662,0.2,470.11903983812624
181,23724032,0.06052380055189133,5.8397174,0.59458643,0.0036697388,89,94.76143346207866,-0.0006547331,1.2560984,-1.2706826,0.003650534,0.2,209.67998191271124
182,23855104,0.05894652009010315,6.428753,0.5787532,0.0029754639,77,93.43372691761364,0.0069408007,1.3728852,-1.2761283,0.017600372,0.2,227.54233456136788
183,23986176,0.05951619893312454,6.1637554,0.5788269,0.0034561157,85,91.67505744485294,0.017862067,1.5460092,-1.2796266,0.039764952,0.2,464.3000698781485
184,24117248,0.059905268251895905,5.9799953,0.59154207,0.0049057007,92,92.88195270040761,0.0019618915,1.7686193,-1.289695,0.009109793,0.2,465.4041591723402
185,24248320,0.05805761739611626,6.2837086,0.57721215,0.004798889,75,91.97552734375,-0.00050500815,2.874139,-1.3000451,0.0063034524,0.2,468.73698086153087
186,24379392,0.05674610286951065,6.722028,0.64319295,0.004508972,88,87.45711447975852,-0.00077306724,2.6323354,-1.3064206,0.0037784365,0.2,210.3364626827651
187,24510464,0.059523385018110275,6.4740686,0.5642527,0.0036468506,94,89.3462537400266,0.006872657,1.6426089,-1.3095591,0.019695139,0.2,216.15934683145653
188,24641536,0.058475129306316376,6.8042326,0.49162436,0.0028152466,73,93.9119087114726,0.00041608256,1.2935641,-1.3217719,0.0063760993,0.2,468.637671154558
189,24772608,0.06035704165697098,6.248797,0.5203466,0.0030441284,89,90.8832184866573,-0.0003062577,1.2575324,-1.3363268,0.005459239,0.2,470.80330451233925
190,24903680,0.06155239790678024,5.8430405,0.4987291,0.0022506714,92,95.51615574048913,-4.5886103e-05,0.9095718,-1.3439938,0.0047294935,0.2,470.1105386413608
191,25034752,0.06079620122909546,5.803247,0.49441466,0.0017623901,76,93.85664447985198,0.00013387867,0.91223896,-1.348038,0.005561418,0.2,210.15998512384735
192,25165824,0.06179783120751381,5.724561,0.4841843,0.0035705566,85,95.07466107536764,0.0040658815,1.1147908,-1.3509524,0.013347024,0.2,233.52083804022888
193,25296896,0.06094930320978165,5.85232,0.5093675,0.0024032593,93,94.88135290658602,0.0037736492,0.7503266,-1.3550955,0.009998099,0.2,454.36727462602073
