route,flights,survived,cross_track_mean_m,cross_track_p90_m,height_error_mean_m,outside_of_turn_mean_m,distance_m
Straight,20,20,5.5606217,8.797276,0.41940254,nan,320.29138
"Random, difficulty 0.2",20,20,5.546044,11.279298,0.40506133,-2.2444675,323.00873
"Random, difficulty 0.5",20,12,9.732318,21.671364,1.5529201,-2.537726,302.50208
Left circle (R 60 m),20,0,13.401624,29.781456,1.3156254,13.212468,120.0
Right circle (R 60 m),20,6,16.15948,30.957418,1.374486,16.052652,170.52443
S-turns (R 50 m),20,20,10.472992,24.040731,0.51323247,-6.292064,345.2751
Figure eight,20,5,14.258303,31.694906,1.5847111,12.929303,96.91229
Climb,20,20,4.2120304,6.4414835,7.83114,nan,319.86096
Descend,20,0,3.444755,7.1818733,6.713623,nan,147.23001
